artifact/artifact-migration.mjs	ARTIFACT_FORMAT_SUPPORTED	artifact/artifact-migration.mjs	ARTIFACT_FORMAT_VERSION	1	local
artifact/artifact-migration.mjs	ARTIFACT_FORMAT_UPGRADERS	artifact/artifact-migration.mjs	previewArtifactFormatUpgrade	1	local
artifact/artifact-migration.mjs	ARTIFACT_FORMAT_UPGRADERS	artifact/artifact-migration.mjs	upgradeArtifactFormat	1	local
artifact/artifact-migration.mjs	CHECKPOINT_DECISION_PASSES	resumable-migration.mjs	MIGRATION_STEPS	1	import
artifact/artifact-migration.mjs	architectureFindings	artifact/artifact-migration.mjs	CODE_FILE_EXTENSIONS	1	local
artifact/artifact-migration.mjs	architectureFindings	artifact/artifact-migration.mjs	FEATURE_FILE	4	local
artifact/artifact-migration.mjs	architectureFindings	artifact/artifact-migration.mjs	FEATURE_INDEX	1	local
artifact/artifact-migration.mjs	architectureFindings	artifact/artifact-migration.mjs	QUERY_KEYS_FILE	1	local
artifact/artifact-migration.mjs	architectureFindings	artifact/artifact-migration.mjs	TEST_UNDER_SRC	1	local
artifact/artifact-migration.mjs	architectureFindings	artifact/artifact-migration.mjs	asEngineFault	1	local
artifact/artifact-migration.mjs	architectureFindings	artifact/artifact-migration.mjs	hardcodedUiText	1	local
artifact/artifact-migration.mjs	architectureFindings	artifact/artifact-migration.mjs	moduleSpecifiersIn	1	local
artifact/artifact-migration.mjs	architectureFindings	artifact/artifact-migration.mjs	portable	1	local
artifact/artifact-migration.mjs	architectureFindings	artifact/artifact-migration.mjs	targetProject	1	local
artifact/artifact-migration.mjs	artifactCandidateEvidence	artifact/artifact-migration.mjs	artifactDecisionBoundTo	1	local
artifact/artifact-migration.mjs	artifactCandidateEvidence	artifact/artifact-migration.mjs	canonical	1	local
artifact/artifact-migration.mjs	artifactCandidateEvidence	artifact/artifact-migration.mjs	sha256	1	local
artifact/artifact-migration.mjs	artifactCommandFor	artifact/artifact-migration.mjs	artifactArgumentsFor	1	local
artifact/artifact-migration.mjs	artifactDecisionBoundTo	artifact/artifact-migration.mjs	ARTIFACT_WORKFLOW_VERSION	1	local
artifact/artifact-migration.mjs	artifactDecisionCandidate	artifact/artifact-migration.mjs	artifactDecisionBoundTo	1	local
artifact/artifact-migration.mjs	artifactDecisionCandidate	resumable-migration.mjs	createDecisionCandidate	1	import
artifact/artifact-migration.mjs	artifactEvidenceDigest	artifact/artifact-migration.mjs	canonical	1	local
artifact/artifact-migration.mjs	artifactEvidenceDigest	artifact/artifact-migration.mjs	semanticEvidence	1	local
artifact/artifact-migration.mjs	artifactEvidenceDigest	artifact/artifact-migration.mjs	sha256	1	local
artifact/artifact-migration.mjs	artifactFormatAdmissible	artifact/artifact-migration.mjs	ARTIFACT_FORMAT_UPGRADERS	1	local
artifact/artifact-migration.mjs	artifactFormatAdmissible	artifact/artifact-migration.mjs	ARTIFACT_FORMAT_UPGRADE_FLOOR	2	local
artifact/artifact-migration.mjs	artifactFormatAdmissible	artifact/artifact-migration.mjs	ARTIFACT_FORMAT_VERSION	4	local
artifact/artifact-migration.mjs	artifactFormatAdmissible	format-upgrade.mjs	nextIncrement	1	import
artifact/artifact-migration.mjs	artifactFormatUpgrade	artifact/artifact-migration.mjs	ARTIFACT_FORMAT_UPGRADERS	1	local
artifact/artifact-migration.mjs	artifactFormatUpgrade	artifact/artifact-migration.mjs	ARTIFACT_FORMAT_UPGRADE_FLOOR	1	local
artifact/artifact-migration.mjs	artifactFormatUpgrade	artifact/artifact-migration.mjs	ARTIFACT_FORMAT_VERSION	2	local
artifact/artifact-migration.mjs	artifactFormatUpgrade	format-upgrade.mjs	nextIncrement	1	import
artifact/artifact-migration.mjs	artifactFormatUpgrade	format-upgrade.mjs	upgradeProjection	1	import
artifact/artifact-migration.mjs	artifactIdFor	artifact/artifact-migration.mjs	bindingInput	1	local
artifact/artifact-migration.mjs	artifactIdFor	artifact/artifact-migration.mjs	canonical	1	local
artifact/artifact-migration.mjs	artifactIdFor	artifact/artifact-migration.mjs	sha256	1	local
artifact/artifact-migration.mjs	artifactIdFor	artifact/artifact-migration.mjs	sourcePathForId	1	local
artifact/artifact-migration.mjs	artifactIdFor	migration-utils.mjs	assertSafeName	2	import
artifact/artifact-migration.mjs	artifactIdentityCommand	engine-paths.mjs	engineCommand	1	import
artifact/artifact-migration.mjs	artifactIdentityCommand	engine-paths.mjs	quoteCommandToken	3	import
artifact/artifact-migration.mjs	artifactMetrics	artifact/artifact-migration.mjs	metrics	5	local
artifact/artifact-migration.mjs	artifactOperatorDecisions	artifact/artifact-migration.mjs	artifactVisualDecisions	1	local
artifact/artifact-migration.mjs	artifactOperatorDecisions	artifact/artifact-migration.mjs	assertInvocationMatches	1	local
artifact/artifact-migration.mjs	artifactOperatorDecisions	artifact/artifact-migration.mjs	freshness	1	local
artifact/artifact-migration.mjs	artifactOperatorDecisions	artifact/artifact-migration.mjs	locate	1	local
artifact/artifact-migration.mjs	artifactOperatorDecisions	artifact/artifact-migration.mjs	readArtifactState	1	local
artifact/artifact-migration.mjs	artifactOperatorDecisions	artifact/artifact-migration.mjs	reconcileArtifactDecisions	1	local
artifact/artifact-migration.mjs	artifactOperatorDecisions	artifact/artifact-migration.mjs	validateSourceInventory	1	local
artifact/artifact-migration.mjs	artifactRoot	artifact/artifact-migration.mjs	STATE_ROOT	1	local
artifact/artifact-migration.mjs	artifactRoot	artifact/artifact-migration.mjs	nonEmpty	1	local
artifact/artifact-migration.mjs	artifactRoot	migration-utils.mjs	assertSafeName	1	import
artifact/artifact-migration.mjs	artifactVisualAcceptance	artifact/artifact-migration.mjs	artifactUiInventory	1	local
artifact/artifact-migration.mjs	artifactVisualAcceptance	artifact/artifact-migration.mjs	artifactVisualDecisions	1	local
artifact/artifact-migration.mjs	artifactVisualAcceptance	artifact/artifact-migration.mjs	strictVisualState	1	local
artifact/artifact-migration.mjs	artifactVisualAcceptance	resumable-migration.mjs	validateVisualAcceptance	1	import
artifact/artifact-migration.mjs	artifactVisualAuthority	artifact/artifact-migration.mjs	strictVisualState	1	local
artifact/artifact-migration.mjs	artifactVisualAuthority	resumable-migration.mjs	visualAuthorityOf	1	import
artifact/artifact-migration.mjs	artifactVisualDecisions	artifact/artifact-migration.mjs	arrayOf	1	local
artifact/artifact-migration.mjs	artifactVisualDecisions	artifact/artifact-migration.mjs	artifactCandidateEvidence	1	local
artifact/artifact-migration.mjs	artifactVisualDecisions	artifact/artifact-migration.mjs	artifactUiInventory	1	local
artifact/artifact-migration.mjs	artifactVisualDecisions	artifact/artifact-migration.mjs	canonical	6	local
artifact/artifact-migration.mjs	artifactVisualDecisions	artifact/artifact-migration.mjs	consumedAtCheckpoint	1	local
artifact/artifact-migration.mjs	artifactVisualDecisions	artifact/artifact-migration.mjs	exactObject	1	local
artifact/artifact-migration.mjs	artifactVisualDecisions	artifact/artifact-migration.mjs	nonEmpty	1	local
artifact/artifact-migration.mjs	artifactVisualDecisions	artifact/artifact-migration.mjs	projectArtifactDecision	1	local
artifact/artifact-migration.mjs	artifactVisualDecisions	artifact/artifact-migration.mjs	readJsonAt	1	local
artifact/artifact-migration.mjs	artifactVisualDecisions	artifact/artifact-migration.mjs	sha256	2	local
artifact/artifact-migration.mjs	artifactVisualDecisions	artifact/artifact-migration.mjs	strictVisualState	2	local
artifact/artifact-migration.mjs	artifactVisualDecisions	artifact/artifact-migration.mjs	unique	1	local
artifact/artifact-migration.mjs	artifactVisualDecisions	resumable-migration.mjs	VISUAL_ACCEPTANCE_FILE	1	import
artifact/artifact-migration.mjs	artifactVisualDecisions	resumable-migration.mjs	createNewFormatDecisionCandidate	1	import
artifact/artifact-migration.mjs	artifactVisualDecisions	resumable-migration.mjs	decisionAppliesToCandidate	2	import
artifact/artifact-migration.mjs	artifactVisualDecisions	resumable-migration.mjs	pendingVisualUnbackedCandidates	1	import
artifact/artifact-migration.mjs	artifactVisualDecisions	resumable-migration.mjs	readRecordedDecisions	1	import
artifact/artifact-migration.mjs	artifactVisualDecisions	resumable-migration.mjs	visualAuthorityOf	1	import
artifact/artifact-migration.mjs	asEngineFault	artifact/artifact-migration.mjs	engineFault	1	local
artifact/artifact-migration.mjs	assertArtifactToolkitIdentity	artifact/artifact-migration.mjs	artifactIdentityCommand	2	local
artifact/artifact-migration.mjs	assertArtifactToolkitIdentity	toolkit-identity.mjs	activeToolkitIdentity	1	import
artifact/artifact-migration.mjs	assertArtifactToolkitIdentity	toolkit-identity.mjs	toolkitIdentityBlocker	1	import
artifact/artifact-migration.mjs	assertInvocationMatches	artifact/artifact-migration.mjs	arrayOf	1	local
artifact/artifact-migration.mjs	assertInvocationMatches	artifact/artifact-migration.mjs	canonical	2	local
artifact/artifact-migration.mjs	assertInvocationMatches	artifact/artifact-migration.mjs	normalizeRelative	1	local
artifact/artifact-migration.mjs	assertInvocationMatches	artifact/artifact-migration.mjs	sameMembers	1	local
artifact/artifact-migration.mjs	assertInvocationMatches	artifact/artifact-migration.mjs	samePath	2	local
artifact/artifact-migration.mjs	assertInvocationMatches	artifact/artifact-migration.mjs	sourcePathAtRoot	1	local
artifact/artifact-migration.mjs	assertInvocationMatches	artifact/artifact-migration.mjs	sourcePathForId	1	local
artifact/artifact-migration.mjs	assertInvocationMatches	migration-utils.mjs	assertPonytailTarget	1	import
artifact/artifact-migration.mjs	assertInvocationMatches	migration-utils.mjs	resolveDesignSource	1	import
artifact/artifact-migration.mjs	assertKnownRecoveryPhase	artifact/artifact-migration.mjs	INTEGRITY_FILE	1	local
artifact/artifact-migration.mjs	assertKnownRecoveryPhase	artifact/artifact-migration.mjs	STATE_FILE	1	local
artifact/artifact-migration.mjs	assertKnownRecoveryPhase	artifact/artifact-migration.mjs	integrityFor	1	local
artifact/artifact-migration.mjs	assertKnownRecoveryPhase	artifact/artifact-migration.mjs	jsonBytesEqual	4	local
artifact/artifact-migration.mjs	assertMayExecute	artifact/artifact-migration.mjs	engineFault	1	local
artifact/artifact-migration.mjs	assertTargetProvides	artifact/artifact-migration.mjs	MANIFEST_DEPENDENCY_FIELDS	1	local
artifact/artifact-migration.mjs	assertTargetProvides	artifact/artifact-migration.mjs	targetManifest	1	local
artifact/artifact-migration.mjs	assertTransactionBoundToRecord	artifact/artifact-migration.mjs	exactObject	1	local
artifact/artifact-migration.mjs	assertTransactionBoundToRecord	artifact/artifact-migration.mjs	plainObject	2	local
artifact/artifact-migration.mjs	assertTransactionBoundToRecord	artifact/artifact-migration.mjs	samePath	1	local
artifact/artifact-migration.mjs	assertTransactionReplayable	artifact/artifact-migration.mjs	TRANSACTION_VERSION	1	local
artifact/artifact-migration.mjs	assertTransactionReplayable	artifact/artifact-migration.mjs	canonical	6	local
artifact/artifact-migration.mjs	assertTransactionReplayable	artifact/artifact-migration.mjs	exactObject	3	local
artifact/artifact-migration.mjs	assertTransactionReplayable	artifact/artifact-migration.mjs	historyPrefixContent	1	local
artifact/artifact-migration.mjs	assertTransactionReplayable	artifact/artifact-migration.mjs	plainObject	1	local
artifact/artifact-migration.mjs	assertTransactionReplayable	artifact/artifact-migration.mjs	readHistory	1	local
artifact/artifact-migration.mjs	assertTransactionReplayable	artifact/artifact-migration.mjs	validateState	2	local
artifact/artifact-migration.mjs	assertTransactionReplayable	artifact/artifact-migration.mjs	validateTransactionInput	1	local
artifact/artifact-migration.mjs	assertTransactionReplayable	artifact/artifact-migration.mjs	versionOne	1	local
artifact/artifact-migration.mjs	bindingInput	artifact/artifact-migration.mjs	plainObject	1	local
artifact/artifact-migration.mjs	blockedArtifactResult	artifact/artifact-migration.mjs	outcomeResult	1	local
artifact/artifact-migration.mjs	bootstrapArtifact	artifact/artifact-migration.mjs	createArtifactRecord	1	local
artifact/artifact-migration.mjs	bootstrapArtifact	artifact/artifact-migration.mjs	recoverTransaction	1	local
artifact/artifact-migration.mjs	bootstrapArtifact	artifact/artifact-migration.mjs	resolveArtifact	1	local
artifact/artifact-migration.mjs	bootstrapArtifact	artifact/artifact-migration.mjs	stateFileExists	1	local
artifact/artifact-migration.mjs	bootstrapArtifact	module-lock.mjs	withModuleLock	1	import
artifact/artifact-migration.mjs	bootstrapEventInput	toolkit-identity.mjs	activeToolkitIdentity	2	import
artifact/artifact-migration.mjs	buildAdvanceTransaction	artifact/artifact-migration.mjs	TRANSACTION_VERSION	1	local
artifact/artifact-migration.mjs	buildAdvanceTransaction	artifact/artifact-migration.mjs	eventFor	1	local
artifact/artifact-migration.mjs	buildAdvanceTransaction	artifact/artifact-migration.mjs	integrityFor	1	local
artifact/artifact-migration.mjs	buildAdvanceTransaction	artifact/artifact-migration.mjs	ledgerPrefixesFor	1	local
artifact/artifact-migration.mjs	buildAdvanceTransaction	artifact/artifact-migration.mjs	nextState	1	local
artifact/artifact-migration.mjs	buildAdvanceTransaction	artifact/artifact-migration.mjs	readHistory	1	local
artifact/artifact-migration.mjs	captureBinding	artifact/artifact-migration.mjs	PROVIDER_PATHS	1	local
artifact/artifact-migration.mjs	captureBinding	artifact/artifact-migration.mjs	normalizeRelative	1	local
artifact/artifact-migration.mjs	captureBinding	artifact/artifact-migration.mjs	scopedManifest	1	local
artifact/artifact-migration.mjs	captureBinding	migration-utils.mjs	dirtyManifest	1	import
artifact/artifact-migration.mjs	captureBinding	migration-utils.mjs	gitRevision	1	import
artifact/artifact-migration.mjs	changeArtifactToolkitIdentity	artifact/artifact-migration.mjs	TRANSACTION_VERSION	1	local
artifact/artifact-migration.mjs	changeArtifactToolkitIdentity	artifact/artifact-migration.mjs	eventFor	1	local
artifact/artifact-migration.mjs	changeArtifactToolkitIdentity	artifact/artifact-migration.mjs	integrityFor	1	local
artifact/artifact-migration.mjs	changeArtifactToolkitIdentity	artifact/artifact-migration.mjs	locate	1	local
artifact/artifact-migration.mjs	changeArtifactToolkitIdentity	artifact/artifact-migration.mjs	readArtifactState	1	local
artifact/artifact-migration.mjs	changeArtifactToolkitIdentity	artifact/artifact-migration.mjs	readHistory	1	local
artifact/artifact-migration.mjs	changeArtifactToolkitIdentity	artifact/artifact-migration.mjs	recoverTransaction	1	local
artifact/artifact-migration.mjs	changeArtifactToolkitIdentity	artifact/artifact-migration.mjs	writeTransaction	1	local
artifact/artifact-migration.mjs	changeArtifactToolkitIdentity	module-lock.mjs	withModuleLock	1	import
artifact/artifact-migration.mjs	changeArtifactToolkitIdentity	toolkit-identity.mjs	activeToolkitIdentity	1	import
artifact/artifact-migration.mjs	changeArtifactToolkitIdentity	toolkit-identity.mjs	sameToolkitIdentity	2	import
artifact/artifact-migration.mjs	checkpointArtifacts	artifact/artifact-migration.mjs	artifactVisualAuthority	3	local
artifact/artifact-migration.mjs	checkpointArtifacts	resumable-migration.mjs	VISUAL_ACCEPTANCE_FILE	1	import
artifact/artifact-migration.mjs	consumedAtCheckpoint	artifact/artifact-migration.mjs	readHistory	1	local
artifact/artifact-migration.mjs	createArtifactRecord	artifact/artifact-migration.mjs	TRANSACTION_VERSION	1	local
artifact/artifact-migration.mjs	createArtifactRecord	artifact/artifact-migration.mjs	bootstrapEventInput	1	local
artifact/artifact-migration.mjs	createArtifactRecord	artifact/artifact-migration.mjs	eventFor	1	local
artifact/artifact-migration.mjs	createArtifactRecord	artifact/artifact-migration.mjs	initialArtifactState	1	local
artifact/artifact-migration.mjs	createArtifactRecord	artifact/artifact-migration.mjs	previewArtifact	1	local
artifact/artifact-migration.mjs	createArtifactRecord	artifact/artifact-migration.mjs	readHistory	1	local
artifact/artifact-migration.mjs	createArtifactRecord	artifact/artifact-migration.mjs	writeTransaction	1	local
artifact/artifact-migration.mjs	diffEntries	artifact/artifact-migration.mjs	canonical	2	local
artifact/artifact-migration.mjs	dispositionValidator	artifact/artifact-migration.mjs	COMPLETENESS_DISPOSITIONS	1	local
artifact/artifact-migration.mjs	dispositionValidator	artifact/artifact-migration.mjs	nonEmpty	3	local
artifact/artifact-migration.mjs	eventFor	artifact/artifact-migration.mjs	canonical	1	local
artifact/artifact-migration.mjs	eventFor	artifact/artifact-migration.mjs	historyEventExtraKeys	1	local
artifact/artifact-migration.mjs	eventFor	artifact/artifact-migration.mjs	sha256	1	local
artifact/artifact-migration.mjs	exactObject	artifact/artifact-migration.mjs	plainObject	1	local
artifact/artifact-migration.mjs	execute	artifact/artifact-migration.mjs	assertMayExecute	1	local
artifact/artifact-migration.mjs	execute	artifact/artifact-migration.mjs	engineFault	1	local
artifact/artifact-migration.mjs	execute	artifact/artifact-migration.mjs	execFileAsync	1	local
artifact/artifact-migration.mjs	execute	artifact/artifact-migration.mjs	metrics	1	local
artifact/artifact-migration.mjs	executeGenericCheck	artifact/artifact-migration.mjs	execute	1	local
artifact/artifact-migration.mjs	executeGenericCheck	artifact/artifact-migration.mjs	packageScriptOf	1	local
artifact/artifact-migration.mjs	executeNodeCheckValidation	artifact/artifact-migration.mjs	JS_FILE_EXTENSIONS	1	local
artifact/artifact-migration.mjs	executeNodeCheckValidation	artifact/artifact-migration.mjs	execute	1	local
artifact/artifact-migration.mjs	executeNodeCheckValidation	artifact/artifact-migration.mjs	normalizeRelative	1	local
artifact/artifact-migration.mjs	executeNodeCheckValidation	migration-utils.mjs	assertSecurePath	1	import
artifact/artifact-migration.mjs	executeTypeScriptValidation	artifact/artifact-migration.mjs	asEngineFault	1	local
artifact/artifact-migration.mjs	executeTypeScriptValidation	artifact/artifact-migration.mjs	commandFile	1	local
artifact/artifact-migration.mjs	executeTypeScriptValidation	artifact/artifact-migration.mjs	execute	1	local
artifact/artifact-migration.mjs	executeTypeScriptValidation	artifact/artifact-migration.mjs	exists	1	local
artifact/artifact-migration.mjs	executeTypeScriptValidation	artifact/artifact-migration.mjs	normalizeRelative	1	local
artifact/artifact-migration.mjs	executeTypeScriptValidation	artifact/artifact-migration.mjs	pathKey	4	local
artifact/artifact-migration.mjs	executeTypeScriptValidation	artifact/artifact-migration.mjs	targetTypeScript	1	local
artifact/artifact-migration.mjs	executeTypeScriptValidation	migration-utils.mjs	assertSecurePath	1	import
artifact/artifact-migration.mjs	executeValidator	artifact/artifact-migration.mjs	executeNodeCheckValidation	1	local
artifact/artifact-migration.mjs	executeValidator	artifact/artifact-migration.mjs	executeTypeScriptValidation	1	local
artifact/artifact-migration.mjs	fileHash	artifact/artifact-migration.mjs	sha256	1	local
artifact/artifact-migration.mjs	finishTransaction	artifact/artifact-migration.mjs	HISTORY_FILE	2	local
artifact/artifact-migration.mjs	finishTransaction	artifact/artifact-migration.mjs	INTEGRITY_FILE	1	local
artifact/artifact-migration.mjs	finishTransaction	artifact/artifact-migration.mjs	STATE_FILE	1	local
artifact/artifact-migration.mjs	finishTransaction	artifact/artifact-migration.mjs	TRANSACTION_FILE	1	local
artifact/artifact-migration.mjs	finishTransaction	artifact/artifact-migration.mjs	assertTransactionReplayable	1	local
artifact/artifact-migration.mjs	finishTransaction	artifact/artifact-migration.mjs	integrityFor	1	local
artifact/artifact-migration.mjs	finishTransaction	artifact/artifact-migration.mjs	jsonBytes	2	local
artifact/artifact-migration.mjs	finishTransaction	artifact/artifact-migration.mjs	readHistory	1	local
artifact/artifact-migration.mjs	finishTransaction	migration-utils.mjs	atomicWrite	3	import
artifact/artifact-migration.mjs	freshness	artifact/artifact-migration.mjs	captureBinding	2	local
artifact/artifact-migration.mjs	freshness	artifact/artifact-migration.mjs	diffEntries	2	local
artifact/artifact-migration.mjs	freshness	artifact/artifact-migration.mjs	implementationCoversDrift	1	local
artifact/artifact-migration.mjs	freshness	artifact/artifact-migration.mjs	samePath	1	local
artifact/artifact-migration.mjs	getArtifactStatus	artifact/artifact-migration.mjs	artifactMetrics	1	local
artifact/artifact-migration.mjs	getArtifactStatus	artifact/artifact-migration.mjs	readArtifactStatus	1	local
artifact/artifact-migration.mjs	getArtifactStatus	artifact/artifact-migration.mjs	startMetrics	1	local
artifact/artifact-migration.mjs	hardcodedUiText	artifact/artifact-migration.mjs	UI_TEXT_PROPS	1	local
artifact/artifact-migration.mjs	hasCodeValidationCheck	artifact/artifact-migration.mjs	CODE_FILE_EXTENSIONS	1	local
artifact/artifact-migration.mjs	hasCodeValidationCheck	artifact/artifact-migration.mjs	executeValidator	1	local
artifact/artifact-migration.mjs	hasExecutableCodeFiles	artifact/artifact-migration.mjs	CODE_FILE_EXTENSIONS	1	local
artifact/artifact-migration.mjs	historyEventExtraKeys	toolkit-identity.mjs	TOOLKIT_IDENTITY_EVENTS	1	import
artifact/artifact-migration.mjs	initialArtifactState	artifact/artifact-migration.mjs	ARTIFACT_CONTRACT_VERSION	1	local
artifact/artifact-migration.mjs	initialArtifactState	artifact/artifact-migration.mjs	ARTIFACT_WORKFLOW_VERSION	1	local
artifact/artifact-migration.mjs	initialArtifactState	artifact/artifact-migration.mjs	artifactCommandFor	1	local
artifact/artifact-migration.mjs	initialArtifactState	resumable-migration.mjs	MIGRATION_STEPS	1	import
artifact/artifact-migration.mjs	initialArtifactState	toolkit-identity.mjs	activeToolkitIdentity	2	import
artifact/artifact-migration.mjs	integrityFor	artifact/artifact-migration.mjs	canonical	1	local
artifact/artifact-migration.mjs	integrityFor	artifact/artifact-migration.mjs	jsonBytes	1	local
artifact/artifact-migration.mjs	integrityFor	artifact/artifact-migration.mjs	sha256	3	local
artifact/artifact-migration.mjs	isExcluded	artifact/artifact-migration.mjs	PROVIDER_PATHS	1	local
artifact/artifact-migration.mjs	jsonBytesEqual	artifact/artifact-migration.mjs	jsonBytes	1	local
artifact/artifact-migration.mjs	ledgerPrefixesFor	artifact/artifact-migration.mjs	sha256	1	local
artifact/artifact-migration.mjs	ledgerPrefixesFor	resumable-migration.mjs	AUTO_DECISIONS_FILE	1	import
artifact/artifact-migration.mjs	ledgerPrefixesFor	resumable-migration.mjs	DECISIONS_FILE	1	import
artifact/artifact-migration.mjs	legacyDependencies	artifact/artifact-migration.mjs	CODE_FILE_EXTENSIONS	1	local
artifact/artifact-migration.mjs	legacyDependencies	artifact/artifact-migration.mjs	asEngineFault	1	local
artifact/artifact-migration.mjs	legacyDependencies	artifact/artifact-migration.mjs	isWithin	3	local
artifact/artifact-migration.mjs	legacyDependencies	artifact/artifact-migration.mjs	moduleSpecifiersIn	1	local
artifact/artifact-migration.mjs	legacyDependencies	artifact/artifact-migration.mjs	normalizeRelative	1	local
artifact/artifact-migration.mjs	legacyDependencies	artifact/artifact-migration.mjs	pathKey	6	local
artifact/artifact-migration.mjs	legacyDependencies	artifact/artifact-migration.mjs	portable	5	local
artifact/artifact-migration.mjs	legacyDependencies	artifact/artifact-migration.mjs	samePath	1	local
artifact/artifact-migration.mjs	legacyDependencies	artifact/artifact-migration.mjs	targetCodeFiles	1	local
artifact/artifact-migration.mjs	legacyDependencies	artifact/artifact-migration.mjs	targetProject	1	local
artifact/artifact-migration.mjs	loadStructuralParser	discovery-scan.mjs	parserResolutionError	1	import
artifact/artifact-migration.mjs	locate	artifact/artifact-migration.mjs	artifactIdFor	1	local
artifact/artifact-migration.mjs	locate	artifact/artifact-migration.mjs	artifactRoot	1	local
artifact/artifact-migration.mjs	migrationChangedFiles	artifact/artifact-migration.mjs	arrayOf	1	local
artifact/artifact-migration.mjs	migrationChangedFiles	artifact/artifact-migration.mjs	normalizeRelative	1	local
artifact/artifact-migration.mjs	migrationChangedFiles	artifact/artifact-migration.mjs	readJsonAt	1	local
artifact/artifact-migration.mjs	moduleSpecifiersIn	artifact/artifact-migration.mjs	metrics	1	local
artifact/artifact-migration.mjs	nextState	artifact/artifact-migration.mjs	captureBinding	1	local
artifact/artifact-migration.mjs	nextState	artifact/artifact-migration.mjs	checkpointArtifacts	1	local
artifact/artifact-migration.mjs	nextState	artifact/artifact-migration.mjs	pathsAfterCheckpoint	1	local
artifact/artifact-migration.mjs	nextState	artifact/artifact-migration.mjs	pinsFor	1	local
artifact/artifact-migration.mjs	nextState	resumable-migration.mjs	MIGRATION_STEPS	4	import
artifact/artifact-migration.mjs	normalizeRelative	artifact/artifact-migration.mjs	nonEmpty	1	local
artifact/artifact-migration.mjs	outcomeResult	artifact/artifact-migration.mjs	artifactMetrics	1	local
artifact/artifact-migration.mjs	outcomeResult	artifact/artifact-migration.mjs	progressState	1	local
artifact/artifact-migration.mjs	outcomeResult	migration-policy.mjs	MIGRATION_OUTCOMES	1	import
artifact/artifact-migration.mjs	outcomeResult	migration-policy.mjs	exitCodeFor	1	import
artifact/artifact-migration.mjs	outcomeResult	resumable-migration.mjs	MIGRATION_STEPS	1	import
artifact/artifact-migration.mjs	outcomeResult	resumable-migration.mjs	migrationProgress	1	import
artifact/artifact-migration.mjs	outcomeResult	resumable-migration.mjs	renderProgress	1	import
artifact/artifact-migration.mjs	packageScriptOf	artifact/artifact-migration.mjs	PACKAGE_MANAGERS	1	local
artifact/artifact-migration.mjs	packageScriptOf	artifact/artifact-migration.mjs	SCRIPT_NAME	1	local
artifact/artifact-migration.mjs	packageScriptOf	artifact/artifact-migration.mjs	targetManifest	1	local
artifact/artifact-migration.mjs	pinDigest	artifact/artifact-migration.mjs	artifactEvidenceDigest	1	local
artifact/artifact-migration.mjs	pinDigest	artifact/artifact-migration.mjs	canonical	1	local
artifact/artifact-migration.mjs	pinDigest	artifact/artifact-migration.mjs	immutableProjection	1	local
artifact/artifact-migration.mjs	pinDigest	artifact/artifact-migration.mjs	secureHash	1	local
artifact/artifact-migration.mjs	pinDigest	artifact/artifact-migration.mjs	sha256	1	local
artifact/artifact-migration.mjs	pinDigest	migration-utils.mjs	assertSecurePath	2	import
artifact/artifact-migration.mjs	pinsFor	artifact/artifact-migration.mjs	artifactVisualAuthority	3	local
artifact/artifact-migration.mjs	pinsFor	artifact/artifact-migration.mjs	pinDigest	1	local
artifact/artifact-migration.mjs	pinsFor	resumable-migration.mjs	VISUAL_ACCEPTANCE_FILE	1	import
artifact/artifact-migration.mjs	previewAdvance	artifact/artifact-migration.mjs	EXECUTION_CAPABILITY	1	local
artifact/artifact-migration.mjs	previewAdvance	artifact/artifact-migration.mjs	canonical	1	local
artifact/artifact-migration.mjs	previewAdvance	artifact/artifact-migration.mjs	checkpointArtifacts	1	local
artifact/artifact-migration.mjs	previewAdvance	artifact/artifact-migration.mjs	fileHash	1	local
artifact/artifact-migration.mjs	previewAdvance	artifact/artifact-migration.mjs	freshness	2	local
artifact/artifact-migration.mjs	previewAdvance	artifact/artifact-migration.mjs	jsonBytes	1	local
artifact/artifact-migration.mjs	previewAdvance	artifact/artifact-migration.mjs	metrics	1	local
artifact/artifact-migration.mjs	previewAdvance	artifact/artifact-migration.mjs	sha256	2	local
artifact/artifact-migration.mjs	previewAdvance	artifact/artifact-migration.mjs	validateCheckpoint	1	local
artifact/artifact-migration.mjs	previewAdvance	artifact/artifact-migration.mjs	validateFinal	1	local
artifact/artifact-migration.mjs	previewArtifact	artifact/artifact-migration.mjs	canonical	1	local
artifact/artifact-migration.mjs	previewArtifact	artifact/artifact-migration.mjs	captureBinding	2	local
artifact/artifact-migration.mjs	previewArtifact	artifact/artifact-migration.mjs	locate	1	local
artifact/artifact-migration.mjs	previewArtifact	artifact/artifact-migration.mjs	readArtifactState	1	local
artifact/artifact-migration.mjs	previewArtifact	artifact/artifact-migration.mjs	readArtifactStatus	1	local
artifact/artifact-migration.mjs	previewArtifact	artifact/artifact-migration.mjs	resolveArtifact	1	local
artifact/artifact-migration.mjs	previewArtifact	artifact/artifact-migration.mjs	sha256	1	local
artifact/artifact-migration.mjs	previewArtifact	artifact/artifact-migration.mjs	stateFileExists	1	local
artifact/artifact-migration.mjs	previewArtifactFormatUpgrade	artifact/artifact-migration.mjs	INTEGRITY_FILE	1	local
artifact/artifact-migration.mjs	previewArtifactFormatUpgrade	artifact/artifact-migration.mjs	STATE_FILE	1	local
artifact/artifact-migration.mjs	previewArtifactFormatUpgrade	artifact/artifact-migration.mjs	TRANSACTION_FILE	1	local
artifact/artifact-migration.mjs	previewArtifactFormatUpgrade	artifact/artifact-migration.mjs	assertInvocationMatches	1	local
artifact/artifact-migration.mjs	previewArtifactFormatUpgrade	artifact/artifact-migration.mjs	exists	1	local
artifact/artifact-migration.mjs	previewArtifactFormatUpgrade	artifact/artifact-migration.mjs	jsonBytes	2	local
artifact/artifact-migration.mjs	previewArtifactFormatUpgrade	artifact/artifact-migration.mjs	locate	1	local
artifact/artifact-migration.mjs	previewArtifactFormatUpgrade	artifact/artifact-migration.mjs	pristineFormatUpgrade	1	local
artifact/artifact-migration.mjs	previewArtifactFormatUpgrade	artifact/artifact-migration.mjs	readArtifactState	1	local
artifact/artifact-migration.mjs	previewArtifactFormatUpgrade	artifact/artifact-migration.mjs	readHistory	1	local
artifact/artifact-migration.mjs	pristineFormatUpgrade	artifact/artifact-migration.mjs	EMPTY_HISTORY	1	local
artifact/artifact-migration.mjs	pristineFormatUpgrade	artifact/artifact-migration.mjs	bootstrapEventInput	1	local
artifact/artifact-migration.mjs	pristineFormatUpgrade	artifact/artifact-migration.mjs	canonical	11	local
artifact/artifact-migration.mjs	pristineFormatUpgrade	artifact/artifact-migration.mjs	captureBinding	2	local
artifact/artifact-migration.mjs	pristineFormatUpgrade	artifact/artifact-migration.mjs	eventFor	1	local
artifact/artifact-migration.mjs	pristineFormatUpgrade	artifact/artifact-migration.mjs	initialArtifactState	1	local
artifact/artifact-migration.mjs	pristineFormatUpgrade	artifact/artifact-migration.mjs	integrityFor	1	local
artifact/artifact-migration.mjs	pristineFormatUpgrade	artifact/artifact-migration.mjs	sha256	1	local
artifact/artifact-migration.mjs	pristineFormatUpgrade	migration-utils.mjs	resolveDesignSource	1	import
artifact/artifact-migration.mjs	progressState	artifact/artifact-migration.mjs	checkpointArtifacts	1	local
artifact/artifact-migration.mjs	progressState	resumable-migration.mjs	MIGRATION_STEPS	1	import
artifact/artifact-migration.mjs	projectArtifactDecision	resumable-migration.mjs	DECISION_GROUP_KIND	1	import
artifact/artifact-migration.mjs	projectArtifactDecision	resumable-migration.mjs	projectModuleDecision	1	import
artifact/artifact-migration.mjs	proveAdvanceTransaction	artifact/artifact-migration.mjs	assertKnownRecoveryPhase	1	local
artifact/artifact-migration.mjs	proveAdvanceTransaction	artifact/artifact-migration.mjs	canonical	12	local
artifact/artifact-migration.mjs	proveAdvanceTransaction	artifact/artifact-migration.mjs	eventFor	1	local
artifact/artifact-migration.mjs	proveAdvanceTransaction	artifact/artifact-migration.mjs	historyPrefixContent	1	local
artifact/artifact-migration.mjs	proveAdvanceTransaction	artifact/artifact-migration.mjs	integrityFor	1	local
artifact/artifact-migration.mjs	proveAdvanceTransaction	artifact/artifact-migration.mjs	ledgerPrefixesFor	1	local
artifact/artifact-migration.mjs	proveAdvanceTransaction	artifact/artifact-migration.mjs	nextState	1	local
artifact/artifact-migration.mjs	proveAdvanceTransaction	artifact/artifact-migration.mjs	previewAdvance	1	local
artifact/artifact-migration.mjs	proveAdvanceTransaction	artifact/artifact-migration.mjs	readHistory	1	local
artifact/artifact-migration.mjs	proveAdvanceTransaction	artifact/artifact-migration.mjs	revalidatePins	1	local
artifact/artifact-migration.mjs	proveAdvanceTransaction	artifact/artifact-migration.mjs	validateState	1	local
artifact/artifact-migration.mjs	proveAdvanceTransaction	artifact/artifact-migration.mjs	verifyConsumedHistory	1	local
artifact/artifact-migration.mjs	proveBootstrapTransaction	artifact/artifact-migration.mjs	EMPTY_HISTORY	1	local
artifact/artifact-migration.mjs	proveBootstrapTransaction	artifact/artifact-migration.mjs	assertKnownRecoveryPhase	1	local
artifact/artifact-migration.mjs	proveBootstrapTransaction	artifact/artifact-migration.mjs	bootstrapEventInput	1	local
artifact/artifact-migration.mjs	proveBootstrapTransaction	artifact/artifact-migration.mjs	canonical	4	local
artifact/artifact-migration.mjs	proveBootstrapTransaction	artifact/artifact-migration.mjs	captureBinding	2	local
artifact/artifact-migration.mjs	proveBootstrapTransaction	artifact/artifact-migration.mjs	eventFor	1	local
artifact/artifact-migration.mjs	proveBootstrapTransaction	artifact/artifact-migration.mjs	initialArtifactState	1	local
artifact/artifact-migration.mjs	proveBootstrapTransaction	artifact/artifact-migration.mjs	targetPathsFor	1	local
artifact/artifact-migration.mjs	proveBootstrapTransaction	migration-utils.mjs	resolveDesignSource	1	import
artifact/artifact-migration.mjs	proveFormatUpgradeTransaction	artifact/artifact-migration.mjs	assertKnownRecoveryPhase	1	local
artifact/artifact-migration.mjs	proveFormatUpgradeTransaction	artifact/artifact-migration.mjs	canonical	8	local
artifact/artifact-migration.mjs	proveFormatUpgradeTransaction	artifact/artifact-migration.mjs	eventFor	1	local
artifact/artifact-migration.mjs	proveFormatUpgradeTransaction	artifact/artifact-migration.mjs	pristineFormatUpgrade	1	local
artifact/artifact-migration.mjs	proveFormatUpgradeTransaction	artifact/artifact-migration.mjs	readHistory	1	local
artifact/artifact-migration.mjs	proveToolkitIdentityTransaction	artifact/artifact-migration.mjs	assertKnownRecoveryPhase	1	local
artifact/artifact-migration.mjs	proveToolkitIdentityTransaction	artifact/artifact-migration.mjs	canonical	6	local
artifact/artifact-migration.mjs	proveToolkitIdentityTransaction	artifact/artifact-migration.mjs	eventFor	1	local
artifact/artifact-migration.mjs	proveToolkitIdentityTransaction	artifact/artifact-migration.mjs	historyPrefixContent	1	local
artifact/artifact-migration.mjs	proveToolkitIdentityTransaction	artifact/artifact-migration.mjs	integrityFor	1	local
artifact/artifact-migration.mjs	proveToolkitIdentityTransaction	artifact/artifact-migration.mjs	readHistory	1	local
artifact/artifact-migration.mjs	proveToolkitIdentityTransaction	artifact/artifact-migration.mjs	revalidatePins	1	local
artifact/artifact-migration.mjs	proveToolkitIdentityTransaction	artifact/artifact-migration.mjs	validateState	1	local
artifact/artifact-migration.mjs	proveToolkitIdentityTransaction	toolkit-identity.mjs	toolkitIdentityKey	2	import
artifact/artifact-migration.mjs	readArtifactState	artifact/artifact-migration.mjs	STATE_FILE	1	local
artifact/artifact-migration.mjs	readArtifactState	artifact/artifact-migration.mjs	TRANSACTION_FILE	1	local
artifact/artifact-migration.mjs	readArtifactState	artifact/artifact-migration.mjs	artifactRoot	1	local
artifact/artifact-migration.mjs	readArtifactState	artifact/artifact-migration.mjs	exists	1	local
artifact/artifact-migration.mjs	readArtifactState	artifact/artifact-migration.mjs	validateIntegrity	1	local
artifact/artifact-migration.mjs	readArtifactState	artifact/artifact-migration.mjs	validateState	1	local
artifact/artifact-migration.mjs	readArtifactStatus	artifact/artifact-migration.mjs	READ_ONLY_CAPABILITY	1	local
artifact/artifact-migration.mjs	readArtifactStatus	artifact/artifact-migration.mjs	TRANSACTION_FILE	1	local
artifact/artifact-migration.mjs	readArtifactStatus	artifact/artifact-migration.mjs	artifactCommandFor	3	local
artifact/artifact-migration.mjs	readArtifactStatus	artifact/artifact-migration.mjs	artifactFormatUpgrade	1	local
artifact/artifact-migration.mjs	readArtifactStatus	artifact/artifact-migration.mjs	assertInvocationMatches	2	local
artifact/artifact-migration.mjs	readArtifactStatus	artifact/artifact-migration.mjs	assertTransactionReplayable	1	local
artifact/artifact-migration.mjs	readArtifactStatus	artifact/artifact-migration.mjs	blockedArtifactResult	3	local
artifact/artifact-migration.mjs	readArtifactStatus	artifact/artifact-migration.mjs	exists	1	local
artifact/artifact-migration.mjs	readArtifactStatus	artifact/artifact-migration.mjs	freshness	1	local
artifact/artifact-migration.mjs	readArtifactStatus	artifact/artifact-migration.mjs	locate	1	local
artifact/artifact-migration.mjs	readArtifactStatus	artifact/artifact-migration.mjs	outcomeResult	2	local
artifact/artifact-migration.mjs	readArtifactStatus	artifact/artifact-migration.mjs	progressState	1	local
artifact/artifact-migration.mjs	readArtifactStatus	artifact/artifact-migration.mjs	proveFormatUpgradeTransaction	1	local
artifact/artifact-migration.mjs	readArtifactStatus	artifact/artifact-migration.mjs	readArtifactState	2	local
artifact/artifact-migration.mjs	readArtifactStatus	artifact/artifact-migration.mjs	stateFileExists	1	local
artifact/artifact-migration.mjs	readArtifactStatus	artifact/artifact-migration.mjs	validateCheckpoint	1	local
artifact/artifact-migration.mjs	readArtifactStatus	artifact/artifact-migration.mjs	validateFinal	1	local
artifact/artifact-migration.mjs	readArtifactStatus	migration-policy.mjs	exitCodeFor	3	import
artifact/artifact-migration.mjs	readArtifactStatus	resumable-migration.mjs	MIGRATION_STEPS	1	import
artifact/artifact-migration.mjs	readArtifactStatus	resumable-migration.mjs	migrationProgress	1	import
artifact/artifact-migration.mjs	readArtifactStatus	resumable-migration.mjs	renderProgress	1	import
artifact/artifact-migration.mjs	readArtifactStatus	toolkit-identity.mjs	activeToolkitIdentity	2	import
artifact/artifact-migration.mjs	readArtifactStatus	toolkit-identity.mjs	toolkitIdentityStatus	1	import
artifact/artifact-migration.mjs	readHistory	artifact/artifact-migration.mjs	HISTORY_EVENT_KEYS	1	local
artifact/artifact-migration.mjs	readHistory	artifact/artifact-migration.mjs	HISTORY_FILE	1	local
artifact/artifact-migration.mjs	readHistory	artifact/artifact-migration.mjs	canonical	1	local
artifact/artifact-migration.mjs	readHistory	artifact/artifact-migration.mjs	exactObject	1	local
artifact/artifact-migration.mjs	readHistory	artifact/artifact-migration.mjs	historyEventExtraKeys	1	local
artifact/artifact-migration.mjs	readHistory	artifact/artifact-migration.mjs	sha256	1	local
artifact/artifact-migration.mjs	readJsonAt	migration-utils.mjs	assertSecurePath	1	import
artifact/artifact-migration.mjs	reconcileArtifactDecisions	artifact/artifact-migration.mjs	artifactDecisionCandidate	6	local
artifact/artifact-migration.mjs	reconcileArtifactDecisions	engine-paths.mjs	engineCommand	1	import
artifact/artifact-migration.mjs	reconcileArtifactDecisions	record-decision.mjs	reviewFor	2	import
artifact/artifact-migration.mjs	reconcileArtifactDecisions	resumable-migration.mjs	decisionLineDigest	1	import
artifact/artifact-migration.mjs	reconstructLegacyTransaction	artifact/artifact-migration.mjs	STATE_FILE	1	local
artifact/artifact-migration.mjs	reconstructLegacyTransaction	artifact/artifact-migration.mjs	assertTransactionReplayable	1	local
artifact/artifact-migration.mjs	reconstructLegacyTransaction	artifact/artifact-migration.mjs	canonical	2	local
artifact/artifact-migration.mjs	reconstructLegacyTransaction	artifact/artifact-migration.mjs	historyPrefixContent	1	local
artifact/artifact-migration.mjs	reconstructLegacyTransaction	artifact/artifact-migration.mjs	integrityFor	1	local
artifact/artifact-migration.mjs	reconstructLegacyTransaction	artifact/artifact-migration.mjs	proveAdvanceTransaction	1	local
artifact/artifact-migration.mjs	reconstructLegacyTransaction	artifact/artifact-migration.mjs	proveBootstrapTransaction	1	local
artifact/artifact-migration.mjs	reconstructLegacyTransaction	artifact/artifact-migration.mjs	validateState	1	local
artifact/artifact-migration.mjs	recoverTransaction	artifact/artifact-migration.mjs	TRANSACTION_FILE	1	local
artifact/artifact-migration.mjs	recoverTransaction	artifact/artifact-migration.mjs	TRANSACTION_VERSION	1	local
artifact/artifact-migration.mjs	recoverTransaction	artifact/artifact-migration.mjs	assertTransactionBoundToRecord	1	local
artifact/artifact-migration.mjs	recoverTransaction	artifact/artifact-migration.mjs	exists	1	local
artifact/artifact-migration.mjs	recoverTransaction	artifact/artifact-migration.mjs	finishTransaction	1	local
artifact/artifact-migration.mjs	recoverTransaction	artifact/artifact-migration.mjs	proveAdvanceTransaction	1	local
artifact/artifact-migration.mjs	recoverTransaction	artifact/artifact-migration.mjs	proveBootstrapTransaction	1	local
artifact/artifact-migration.mjs	recoverTransaction	artifact/artifact-migration.mjs	proveFormatUpgradeTransaction	1	local
artifact/artifact-migration.mjs	recoverTransaction	artifact/artifact-migration.mjs	proveToolkitIdentityTransaction	1	local
artifact/artifact-migration.mjs	recoverTransaction	artifact/artifact-migration.mjs	reconstructLegacyTransaction	1	local
artifact/artifact-migration.mjs	replayToolkitIdentity	toolkit-identity.mjs	TOOLKIT_IDENTITY_EVENTS	1	import
artifact/artifact-migration.mjs	replayToolkitIdentity	toolkit-identity.mjs	toolkitIdentityKey	2	import
artifact/artifact-migration.mjs	replayToolkitIdentity	toolkit-identity.mjs	validateToolkitIdentity	2	import
artifact/artifact-migration.mjs	requestFor	artifact/artifact-migration.mjs	checkpointArtifacts	1	local
artifact/artifact-migration.mjs	resolveArtifact	artifact/artifact-migration.mjs	ARTIFACT_FORMAT_ACTIVE_FOR_NEW_MIGRATIONS	2	local
artifact/artifact-migration.mjs	resolveArtifact	artifact/artifact-migration.mjs	ARTIFACT_FORMAT_SUPPORTED	1	local
artifact/artifact-migration.mjs	resolveArtifact	artifact/artifact-migration.mjs	artifactIdFor	1	local
artifact/artifact-migration.mjs	resolveArtifact	artifact/artifact-migration.mjs	artifactRoot	1	local
artifact/artifact-migration.mjs	resolveArtifact	artifact/artifact-migration.mjs	assertDirectory	2	local
artifact/artifact-migration.mjs	resolveArtifact	artifact/artifact-migration.mjs	normalizeRelative	1	local
artifact/artifact-migration.mjs	resolveArtifact	artifact/artifact-migration.mjs	sourcePathAtRoot	2	local
artifact/artifact-migration.mjs	resolveArtifact	artifact/artifact-migration.mjs	targetPathsFor	1	local
artifact/artifact-migration.mjs	resolveArtifact	migration-utils.mjs	assertPonytailTarget	1	import
artifact/artifact-migration.mjs	resolveArtifact	migration-utils.mjs	assertSafeName	1	import
artifact/artifact-migration.mjs	resolveArtifact	migration-utils.mjs	resolveDesignSource	1	import
artifact/artifact-migration.mjs	revalidatePins	artifact/artifact-migration.mjs	pinDigest	1	local
artifact/artifact-migration.mjs	runArtifact	artifact/artifact-migration.mjs	CHECKPOINT_DECISION_PASSES	1	local
artifact/artifact-migration.mjs	runArtifact	artifact/artifact-migration.mjs	runArtifactIteration	2	local
artifact/artifact-migration.mjs	runArtifact	operator-approval.mjs	approveWithOperator	1	import
artifact/artifact-migration.mjs	runArtifact	operator-approval.mjs	artifactApprover	1	import
artifact/artifact-migration.mjs	runArtifact	operator-approval.mjs	recorderFor	1	import
artifact/artifact-migration.mjs	runArtifactIteration	artifact/artifact-migration.mjs	artifactCommandFor	2	local
artifact/artifact-migration.mjs	runArtifactIteration	artifact/artifact-migration.mjs	artifactIdentityCommand	1	local
artifact/artifact-migration.mjs	runArtifactIteration	artifact/artifact-migration.mjs	assertArtifactToolkitIdentity	1	local
artifact/artifact-migration.mjs	runArtifactIteration	artifact/artifact-migration.mjs	assertInvocationMatches	1	local
artifact/artifact-migration.mjs	runArtifactIteration	artifact/artifact-migration.mjs	blockedArtifactResult	2	local
artifact/artifact-migration.mjs	runArtifactIteration	artifact/artifact-migration.mjs	buildAdvanceTransaction	1	local
artifact/artifact-migration.mjs	runArtifactIteration	artifact/artifact-migration.mjs	createArtifactRecord	1	local
artifact/artifact-migration.mjs	runArtifactIteration	artifact/artifact-migration.mjs	locate	1	local
artifact/artifact-migration.mjs	runArtifactIteration	artifact/artifact-migration.mjs	outcomeResult	11	local
artifact/artifact-migration.mjs	runArtifactIteration	artifact/artifact-migration.mjs	previewAdvance	1	local
artifact/artifact-migration.mjs	runArtifactIteration	artifact/artifact-migration.mjs	previewArtifact	2	local
artifact/artifact-migration.mjs	runArtifactIteration	artifact/artifact-migration.mjs	previewArtifactFormatUpgrade	1	local
artifact/artifact-migration.mjs	runArtifactIteration	artifact/artifact-migration.mjs	readArtifactState	3	local
artifact/artifact-migration.mjs	runArtifactIteration	artifact/artifact-migration.mjs	recoverTransaction	1	local
artifact/artifact-migration.mjs	runArtifactIteration	artifact/artifact-migration.mjs	requestFor	2	local
artifact/artifact-migration.mjs	runArtifactIteration	artifact/artifact-migration.mjs	resolveArtifact	1	local
artifact/artifact-migration.mjs	runArtifactIteration	artifact/artifact-migration.mjs	startMetrics	1	local
artifact/artifact-migration.mjs	runArtifactIteration	artifact/artifact-migration.mjs	stateFileExists	2	local
artifact/artifact-migration.mjs	runArtifactIteration	artifact/artifact-migration.mjs	upgradeArtifactFormat	1	local
artifact/artifact-migration.mjs	runArtifactIteration	artifact/artifact-migration.mjs	writeTransaction	1	local
artifact/artifact-migration.mjs	runArtifactIteration	migration-policy.mjs	MIGRATION_MODES	2	import
artifact/artifact-migration.mjs	runArtifactIteration	migration-policy.mjs	exitCodeFor	1	import
artifact/artifact-migration.mjs	runArtifactIteration	module-lock.mjs	withModuleLock	1	import
artifact/artifact-migration.mjs	runArtifactIteration	toolkit-identity.mjs	activeToolkitIdentity	1	import
artifact/artifact-migration.mjs	runCheckpointValidation	artifact/artifact-migration.mjs	artifactUiInventory	1	local
artifact/artifact-migration.mjs	runCheckpointValidation	artifact/artifact-migration.mjs	artifactVisualAuthority	1	local
artifact/artifact-migration.mjs	runCheckpointValidation	artifact/artifact-migration.mjs	artifactVisualDecisions	1	local
artifact/artifact-migration.mjs	runCheckpointValidation	artifact/artifact-migration.mjs	consumedFrom	2	local
artifact/artifact-migration.mjs	runCheckpointValidation	artifact/artifact-migration.mjs	reconcileArtifactDecisions	2	local
artifact/artifact-migration.mjs	runCheckpointValidation	artifact/artifact-migration.mjs	strictVisualState	1	local
artifact/artifact-migration.mjs	runCheckpointValidation	artifact/artifact-migration.mjs	validateBaseline	1	local
artifact/artifact-migration.mjs	runCheckpointValidation	artifact/artifact-migration.mjs	validateCompleteness	1	local
artifact/artifact-migration.mjs	runCheckpointValidation	artifact/artifact-migration.mjs	validateFinal	1	local
artifact/artifact-migration.mjs	runCheckpointValidation	artifact/artifact-migration.mjs	validateImplementation	1	local
artifact/artifact-migration.mjs	runCheckpointValidation	artifact/artifact-migration.mjs	validatePlan	1	local
artifact/artifact-migration.mjs	runCheckpointValidation	artifact/artifact-migration.mjs	validateSourceInventory	2	local
artifact/artifact-migration.mjs	runCheckpointValidation	artifact/artifact-migration.mjs	validateTargetInventory	1	local
artifact/artifact-migration.mjs	runCheckpointValidation	artifact/artifact-migration.mjs	validateVerification	1	local
artifact/artifact-migration.mjs	runCheckpointValidation	resumable-migration.mjs	VISUAL_ACCEPTANCE_FILE	1	import
artifact/artifact-migration.mjs	sameMembers	artifact/artifact-migration.mjs	canonical	2	local
artifact/artifact-migration.mjs	scopedManifest	artifact/artifact-migration.mjs	canonical	1	local
artifact/artifact-migration.mjs	scopedManifest	artifact/artifact-migration.mjs	fileHash	1	local
artifact/artifact-migration.mjs	scopedManifest	artifact/artifact-migration.mjs	isExcluded	1	local
artifact/artifact-migration.mjs	scopedManifest	artifact/artifact-migration.mjs	isWithin	1	local
artifact/artifact-migration.mjs	scopedManifest	artifact/artifact-migration.mjs	normalizeRelative	1	local
artifact/artifact-migration.mjs	scopedManifest	artifact/artifact-migration.mjs	sha256	1	local
artifact/artifact-migration.mjs	secureHash	artifact/artifact-migration.mjs	fileHash	1	local
artifact/artifact-migration.mjs	secureHash	artifact/artifact-migration.mjs	normalizeRelative	1	local
artifact/artifact-migration.mjs	secureHash	migration-utils.mjs	assertSecurePath	1	import
artifact/artifact-migration.mjs	sourcePathAtRoot	artifact/artifact-migration.mjs	isWithin	1	local
artifact/artifact-migration.mjs	sourcePathAtRoot	artifact/artifact-migration.mjs	nonEmpty	1	local
artifact/artifact-migration.mjs	sourcePathAtRoot	artifact/artifact-migration.mjs	normalizeRelative	1	local
artifact/artifact-migration.mjs	sourcePathForId	artifact/artifact-migration.mjs	nonEmpty	1	local
artifact/artifact-migration.mjs	sourcePathForId	artifact/artifact-migration.mjs	normalizeRelative	2	local
artifact/artifact-migration.mjs	sourceRequirements	artifact/artifact-migration.mjs	SCANNER_REQUIREMENT_KEYS	1	local
artifact/artifact-migration.mjs	sourceRequirements	artifact/artifact-migration.mjs	asEngineFault	1	local
artifact/artifact-migration.mjs	sourceRequirements	artifact/artifact-migration.mjs	metrics	1	local
artifact/artifact-migration.mjs	sourceRequirements	artifact/artifact-migration.mjs	structuralParser	1	local
artifact/artifact-migration.mjs	sourceRequirements	discovery-scan.mjs	runDiscoveryScan	1	import
artifact/artifact-migration.mjs	startMetrics	artifact/artifact-migration.mjs	metrics	1	local
artifact/artifact-migration.mjs	stateFileExists	artifact/artifact-migration.mjs	STATE_FILE	1	local
artifact/artifact-migration.mjs	stateFileExists	artifact/artifact-migration.mjs	exists	1	local
artifact/artifact-migration.mjs	strictVisualState	resumable-migration.mjs	VISUAL_ACCEPTANCE_FORMAT	1	import
artifact/artifact-migration.mjs	structuralParser	artifact/artifact-migration.mjs	asEngineFault	1	local
artifact/artifact-migration.mjs	structuralParser	artifact/artifact-migration.mjs	loadStructuralParser	1	local
artifact/artifact-migration.mjs	targetCodeFiles	artifact/artifact-migration.mjs	CODE_FILE_EXTENSIONS	1	local
artifact/artifact-migration.mjs	targetCodeFiles	artifact/artifact-migration.mjs	isExcluded	1	local
artifact/artifact-migration.mjs	targetManifest	artifact/artifact-migration.mjs	asEngineFault	1	local
artifact/artifact-migration.mjs	targetManifest	artifact/artifact-migration.mjs	exists	1	local
artifact/artifact-migration.mjs	targetProject	artifact/artifact-migration.mjs	asEngineFault	1	local
artifact/artifact-migration.mjs	targetProject	artifact/artifact-migration.mjs	exists	1	local
artifact/artifact-migration.mjs	targetProject	artifact/artifact-migration.mjs	targetTypeScript	1	local
artifact/artifact-migration.mjs	targetTypeScript	artifact/artifact-migration.mjs	TARGET_COMPILER_SPECIFIERS	1	local
artifact/artifact-migration.mjs	targetTypeScript	artifact/artifact-migration.mjs	loadStructuralParser	1	local
artifact/artifact-migration.mjs	targetTypeScript	artifact/artifact-migration.mjs	resolveCompilerBinary	2	local
artifact/artifact-migration.mjs	targetTypeScript	discovery-scan.mjs	parserResolutionError	1	import
artifact/artifact-migration.mjs	upgradeArtifactFormat	artifact/artifact-migration.mjs	TRANSACTION_VERSION	1	local
artifact/artifact-migration.mjs	upgradeArtifactFormat	artifact/artifact-migration.mjs	eventFor	1	local
artifact/artifact-migration.mjs	upgradeArtifactFormat	artifact/artifact-migration.mjs	integrityFor	1	local
artifact/artifact-migration.mjs	upgradeArtifactFormat	artifact/artifact-migration.mjs	locate	1	local
artifact/artifact-migration.mjs	upgradeArtifactFormat	artifact/artifact-migration.mjs	previewArtifactFormatUpgrade	1	local
artifact/artifact-migration.mjs	upgradeArtifactFormat	artifact/artifact-migration.mjs	readArtifactState	1	local
artifact/artifact-migration.mjs	upgradeArtifactFormat	artifact/artifact-migration.mjs	readHistory	1	local
artifact/artifact-migration.mjs	upgradeArtifactFormat	artifact/artifact-migration.mjs	writeTransaction	1	local
artifact/artifact-migration.mjs	upgradeArtifactFormat	module-lock.mjs	withModuleLock	1	import
artifact/artifact-migration.mjs	validateArtifactComplete	artifact/artifact-migration.mjs	STATE_FILE	1	local
artifact/artifact-migration.mjs	validateArtifactComplete	artifact/artifact-migration.mjs	assertInvocationMatches	1	local
artifact/artifact-migration.mjs	validateArtifactComplete	artifact/artifact-migration.mjs	freshness	1	local
artifact/artifact-migration.mjs	validateArtifactComplete	artifact/artifact-migration.mjs	locate	1	local
artifact/artifact-migration.mjs	validateArtifactComplete	artifact/artifact-migration.mjs	readArtifactState	1	local
artifact/artifact-migration.mjs	validateArtifactComplete	artifact/artifact-migration.mjs	validateFinal	1	local
artifact/artifact-migration.mjs	validateArtifactVisualEvidence	artifact/artifact-migration.mjs	artifactVisualAuthority	1	local
artifact/artifact-migration.mjs	validateArtifactVisualEvidence	artifact/artifact-migration.mjs	exactObject	1	local
artifact/artifact-migration.mjs	validateArtifactVisualEvidence	artifact/artifact-migration.mjs	normalizeRelative	1	local
artifact/artifact-migration.mjs	validateArtifactVisualEvidence	artifact/artifact-migration.mjs	plainObject	3	local
artifact/artifact-migration.mjs	validateArtifactVisualEvidence	artifact/artifact-migration.mjs	readJsonAt	2	local
artifact/artifact-migration.mjs	validateArtifactVisualEvidence	artifact/artifact-migration.mjs	secureHash	1	local
artifact/artifact-migration.mjs	validateArtifactVisualEvidence	resumable-migration.mjs	TARGET_VERIFICATION_ROLE	2	import
artifact/artifact-migration.mjs	validateArtifactVisualEvidence	resumable-migration.mjs	compareVisualEvidence	1	import
artifact/artifact-migration.mjs	validateArtifactVisualEvidence	resumable-migration.mjs	compareVisualFact	2	import
artifact/artifact-migration.mjs	validateArtifactVisualEvidence	visual-evidence.mjs	compareStructuredTarget	1	import
artifact/artifact-migration.mjs	validateArtifactVisualEvidence	visual-evidence.mjs	structuredCapabilityProfile	1	import
artifact/artifact-migration.mjs	validateBaseline	artifact/artifact-migration.mjs	arrayOf	9	local
artifact/artifact-migration.mjs	validateBaseline	artifact/artifact-migration.mjs	artifactVisualAcceptance	1	local
artifact/artifact-migration.mjs	validateBaseline	artifact/artifact-migration.mjs	artifactVisualAuthority	1	local
artifact/artifact-migration.mjs	validateBaseline	artifact/artifact-migration.mjs	exactObject	9	local
artifact/artifact-migration.mjs	validateBaseline	artifact/artifact-migration.mjs	nonEmpty	12	local
artifact/artifact-migration.mjs	validateBaseline	artifact/artifact-migration.mjs	normalizeRelative	2	local
artifact/artifact-migration.mjs	validateBaseline	artifact/artifact-migration.mjs	readJsonAt	4	local
artifact/artifact-migration.mjs	validateBaseline	artifact/artifact-migration.mjs	sameMembers	5	local
artifact/artifact-migration.mjs	validateBaseline	artifact/artifact-migration.mjs	validateEvidenceFile	4	local
artifact/artifact-migration.mjs	validateBaseline	artifact/artifact-migration.mjs	validateTargetInventory	1	local
artifact/artifact-migration.mjs	validateBaseline	artifact/artifact-migration.mjs	versionOne	4	local
artifact/artifact-migration.mjs	validateBinding	artifact/artifact-migration.mjs	arrayOf	2	local
artifact/artifact-migration.mjs	validateBinding	artifact/artifact-migration.mjs	boolean	1	local
artifact/artifact-migration.mjs	validateBinding	artifact/artifact-migration.mjs	exactObject	2	local
artifact/artifact-migration.mjs	validateBinding	artifact/artifact-migration.mjs	nonEmpty	4	local
artifact/artifact-migration.mjs	validateBinding	artifact/artifact-migration.mjs	normalizeRelative	2	local
artifact/artifact-migration.mjs	validateBinding	artifact/artifact-migration.mjs	unique	1	local
artifact/artifact-migration.mjs	validateBoundTo	artifact/artifact-migration.mjs	artifactVisualAuthority	3	local
artifact/artifact-migration.mjs	validateBoundTo	artifact/artifact-migration.mjs	exactObject	1	local
artifact/artifact-migration.mjs	validateCheckpoint	artifact/artifact-migration.mjs	runCheckpointValidation	1	local
artifact/artifact-migration.mjs	validateCompleteness	artifact/artifact-migration.mjs	STRUCTURAL_SCRIPT_EXTENSIONS	1	local
artifact/artifact-migration.mjs	validateCompleteness	artifact/artifact-migration.mjs	arrayOf	2	local
artifact/artifact-migration.mjs	validateCompleteness	artifact/artifact-migration.mjs	asEngineFault	3	local
artifact/artifact-migration.mjs	validateCompleteness	artifact/artifact-migration.mjs	dispositionValidator	1	local
artifact/artifact-migration.mjs	validateCompleteness	artifact/artifact-migration.mjs	engineFault	1	local
artifact/artifact-migration.mjs	validateCompleteness	artifact/artifact-migration.mjs	exactObject	3	local
artifact/artifact-migration.mjs	validateCompleteness	artifact/artifact-migration.mjs	metrics	1	local
artifact/artifact-migration.mjs	validateCompleteness	artifact/artifact-migration.mjs	nonEmpty	2	local
artifact/artifact-migration.mjs	validateCompleteness	artifact/artifact-migration.mjs	readJsonAt	1	local
artifact/artifact-migration.mjs	validateCompleteness	artifact/artifact-migration.mjs	sameMembers	2	local
artifact/artifact-migration.mjs	validateCompleteness	artifact/artifact-migration.mjs	sourceRequirements	1	local
artifact/artifact-migration.mjs	validateCompleteness	artifact/artifact-migration.mjs	structuralParser	1	local
artifact/artifact-migration.mjs	validateCompleteness	artifact/artifact-migration.mjs	unique	2	local
artifact/artifact-migration.mjs	validateCompleteness	artifact/artifact-migration.mjs	validateExternalRequirements	2	local
artifact/artifact-migration.mjs	validateCompleteness	artifact/artifact-migration.mjs	validateSourceInventory	1	local
artifact/artifact-migration.mjs	validateCompleteness	artifact/artifact-migration.mjs	versionOne	1	local
artifact/artifact-migration.mjs	validateCompleteness	discovery-scan.mjs	structuralUnits	1	import
artifact/artifact-migration.mjs	validateEvidenceFile	artifact/artifact-migration.mjs	exactObject	1	local
artifact/artifact-migration.mjs	validateEvidenceFile	artifact/artifact-migration.mjs	normalizeRelative	1	local
artifact/artifact-migration.mjs	validateEvidenceFile	artifact/artifact-migration.mjs	secureHash	1	local
artifact/artifact-migration.mjs	validateExternalRequirements	artifact/artifact-migration.mjs	EXTERNAL_ELEMENT	1	local
artifact/artifact-migration.mjs	validateExternalRequirements	artifact/artifact-migration.mjs	assertTargetProvides	1	local
artifact/artifact-migration.mjs	validateExternalRequirements	artifact/artifact-migration.mjs	packageNameOf	1	local
artifact/artifact-migration.mjs	validateFinal	artifact/artifact-migration.mjs	PRESERVED_DISPOSITIONS	1	local
artifact/artifact-migration.mjs	validateFinal	artifact/artifact-migration.mjs	architectureFindings	1	local
artifact/artifact-migration.mjs	validateFinal	artifact/artifact-migration.mjs	arrayOf	6	local
artifact/artifact-migration.mjs	validateFinal	artifact/artifact-migration.mjs	artifactEvidenceDigest	1	local
artifact/artifact-migration.mjs	validateFinal	artifact/artifact-migration.mjs	exactObject	5	local
artifact/artifact-migration.mjs	validateFinal	artifact/artifact-migration.mjs	legacyDependencies	1	local
artifact/artifact-migration.mjs	validateFinal	artifact/artifact-migration.mjs	migrationChangedFiles	1	local
artifact/artifact-migration.mjs	validateFinal	artifact/artifact-migration.mjs	nonEmpty	2	local
artifact/artifact-migration.mjs	validateFinal	artifact/artifact-migration.mjs	normalizeRelative	3	local
artifact/artifact-migration.mjs	validateFinal	artifact/artifact-migration.mjs	ponytailTime	1	local
artifact/artifact-migration.mjs	validateFinal	artifact/artifact-migration.mjs	readJsonAt	3	local
artifact/artifact-migration.mjs	validateFinal	artifact/artifact-migration.mjs	sameMembers	3	local
artifact/artifact-migration.mjs	validateFinal	artifact/artifact-migration.mjs	samePath	1	local
artifact/artifact-migration.mjs	validateFinal	artifact/artifact-migration.mjs	secureHash	1	local
artifact/artifact-migration.mjs	validateFinal	artifact/artifact-migration.mjs	unique	1	local
artifact/artifact-migration.mjs	validateFinal	artifact/artifact-migration.mjs	validateArtifactVisualEvidence	1	local
artifact/artifact-migration.mjs	validateFinal	artifact/artifact-migration.mjs	validateBaseline	1	local
artifact/artifact-migration.mjs	validateFinal	artifact/artifact-migration.mjs	validateExternalRequirements	1	local
artifact/artifact-migration.mjs	validateFinal	artifact/artifact-migration.mjs	validateGateEvidence	2	local
artifact/artifact-migration.mjs	validateFinal	artifact/artifact-migration.mjs	validatePlan	1	local
artifact/artifact-migration.mjs	validateFinal	artifact/artifact-migration.mjs	validatePonytailEvidence	2	local
artifact/artifact-migration.mjs	validateFinal	artifact/artifact-migration.mjs	versionOne	1	local
artifact/artifact-migration.mjs	validateFinal	migration-utils.mjs	assertSafeName	1	import
artifact/artifact-migration.mjs	validateFinal	resumable-migration.mjs	FINAL_GATES	1	import
artifact/artifact-migration.mjs	validateGateEvidence	artifact/artifact-migration.mjs	exactObject	2	local
artifact/artifact-migration.mjs	validateGateEvidence	artifact/artifact-migration.mjs	normalizeRelative	1	local
artifact/artifact-migration.mjs	validateGateEvidence	artifact/artifact-migration.mjs	secureHash	1	local
artifact/artifact-migration.mjs	validateImplementation	artifact/artifact-migration.mjs	arrayOf	3	local
artifact/artifact-migration.mjs	validateImplementation	artifact/artifact-migration.mjs	exactObject	6	local
artifact/artifact-migration.mjs	validateImplementation	artifact/artifact-migration.mjs	executeGenericCheck	1	local
artifact/artifact-migration.mjs	validateImplementation	artifact/artifact-migration.mjs	hasCodeValidationCheck	1	local
artifact/artifact-migration.mjs	validateImplementation	artifact/artifact-migration.mjs	hasExecutableCodeFiles	1	local
artifact/artifact-migration.mjs	validateImplementation	artifact/artifact-migration.mjs	isExcluded	1	local
artifact/artifact-migration.mjs	validateImplementation	artifact/artifact-migration.mjs	nonEmpty	1	local
artifact/artifact-migration.mjs	validateImplementation	artifact/artifact-migration.mjs	normalizeRelative	3	local
artifact/artifact-migration.mjs	validateImplementation	artifact/artifact-migration.mjs	plainObject	1	local
artifact/artifact-migration.mjs	validateImplementation	artifact/artifact-migration.mjs	readJsonAt	1	local
artifact/artifact-migration.mjs	validateImplementation	artifact/artifact-migration.mjs	sameMembers	1	local
artifact/artifact-migration.mjs	validateImplementation	artifact/artifact-migration.mjs	secureHash	1	local
artifact/artifact-migration.mjs	validateImplementation	artifact/artifact-migration.mjs	unique	1	local
artifact/artifact-migration.mjs	validateImplementation	artifact/artifact-migration.mjs	validatePlan	1	local
artifact/artifact-migration.mjs	validateImplementation	artifact/artifact-migration.mjs	versionOne	1	local
artifact/artifact-migration.mjs	validateIntegrity	artifact/artifact-migration.mjs	INTEGRITY_FILE	1	local
artifact/artifact-migration.mjs	validateIntegrity	artifact/artifact-migration.mjs	canonical	2	local
artifact/artifact-migration.mjs	validateIntegrity	artifact/artifact-migration.mjs	exactObject	1	local
artifact/artifact-migration.mjs	validateIntegrity	artifact/artifact-migration.mjs	integrityFor	1	local
artifact/artifact-migration.mjs	validateIntegrity	artifact/artifact-migration.mjs	readHistory	1	local
artifact/artifact-migration.mjs	validateIntegrity	artifact/artifact-migration.mjs	replayToolkitIdentity	1	local
artifact/artifact-migration.mjs	validateIntegrity	artifact/artifact-migration.mjs	revalidatePins	1	local
artifact/artifact-migration.mjs	validateIntegrity	artifact/artifact-migration.mjs	verifyConsumedHistory	1	local
artifact/artifact-migration.mjs	validateIntegrity	artifact/artifact-migration.mjs	versionOne	1	local
artifact/artifact-migration.mjs	validateIntegrity	toolkit-identity.mjs	toolkitIdentityKey	2	import
artifact/artifact-migration.mjs	validatePlan	artifact/artifact-migration.mjs	RESOLUTION_KIND	1	local
artifact/artifact-migration.mjs	validatePlan	artifact/artifact-migration.mjs	arrayOf	3	local
artifact/artifact-migration.mjs	validatePlan	artifact/artifact-migration.mjs	exactObject	2	local
artifact/artifact-migration.mjs	validatePlan	artifact/artifact-migration.mjs	nonEmpty	1	local
artifact/artifact-migration.mjs	validatePlan	artifact/artifact-migration.mjs	readJsonAt	1	local
artifact/artifact-migration.mjs	validatePlan	artifact/artifact-migration.mjs	sameMembers	1	local
artifact/artifact-migration.mjs	validatePlan	artifact/artifact-migration.mjs	unique	3	local
artifact/artifact-migration.mjs	validatePlan	artifact/artifact-migration.mjs	validateBaseline	1	local
artifact/artifact-migration.mjs	validatePlan	artifact/artifact-migration.mjs	versionOne	1	local
artifact/artifact-migration.mjs	validatePlan	migration-utils.mjs	assertSafeName	1	import
artifact/artifact-migration.mjs	validatePonytailEvidence	artifact/artifact-migration.mjs	STATE_ROOT	1	local
artifact/artifact-migration.mjs	validatePonytailEvidence	artifact/artifact-migration.mjs	ponytailTime	1	local
artifact/artifact-migration.mjs	validatePonytailEvidence	artifact/artifact-migration.mjs	validateGateEvidence	1	local
artifact/artifact-migration.mjs	validateSourceEvidenceFile	artifact/artifact-migration.mjs	exactObject	1	local
artifact/artifact-migration.mjs	validateSourceEvidenceFile	artifact/artifact-migration.mjs	normalizeRelative	1	local
artifact/artifact-migration.mjs	validateSourceEvidenceFile	artifact/artifact-migration.mjs	samePath	1	local
artifact/artifact-migration.mjs	validateSourceEvidenceFile	artifact/artifact-migration.mjs	validateEvidenceFile	1	local
artifact/artifact-migration.mjs	validateSourceInventory	artifact/artifact-migration.mjs	arrayOf	10	local
artifact/artifact-migration.mjs	validateSourceInventory	artifact/artifact-migration.mjs	artifactCandidateEvidence	1	local
artifact/artifact-migration.mjs	validateSourceInventory	artifact/artifact-migration.mjs	artifactDecisionCandidate	1	local
artifact/artifact-migration.mjs	validateSourceInventory	artifact/artifact-migration.mjs	boolean	2	local
artifact/artifact-migration.mjs	validateSourceInventory	artifact/artifact-migration.mjs	canonical	5	local
artifact/artifact-migration.mjs	validateSourceInventory	artifact/artifact-migration.mjs	consumedAtCheckpoint	1	local
artifact/artifact-migration.mjs	validateSourceInventory	artifact/artifact-migration.mjs	exactObject	5	local
artifact/artifact-migration.mjs	validateSourceInventory	artifact/artifact-migration.mjs	nonEmpty	8	local
artifact/artifact-migration.mjs	validateSourceInventory	artifact/artifact-migration.mjs	normalizeRelative	4	local
artifact/artifact-migration.mjs	validateSourceInventory	artifact/artifact-migration.mjs	projectArtifactDecision	1	local
artifact/artifact-migration.mjs	validateSourceInventory	artifact/artifact-migration.mjs	readJsonAt	1	local
artifact/artifact-migration.mjs	validateSourceInventory	artifact/artifact-migration.mjs	sameMembers	1	local
artifact/artifact-migration.mjs	validateSourceInventory	artifact/artifact-migration.mjs	sha256	1	local
artifact/artifact-migration.mjs	validateSourceInventory	artifact/artifact-migration.mjs	unique	7	local
artifact/artifact-migration.mjs	validateSourceInventory	artifact/artifact-migration.mjs	validateSourceEvidenceFile	2	local
artifact/artifact-migration.mjs	validateSourceInventory	artifact/artifact-migration.mjs	versionOne	1	local
artifact/artifact-migration.mjs	validateSourceInventory	resumable-migration.mjs	UI_RUNTIME_STATES	1	import
artifact/artifact-migration.mjs	validateSourceInventory	resumable-migration.mjs	createNewFormatDecisionCandidate	1	import
artifact/artifact-migration.mjs	validateSourceInventory	resumable-migration.mjs	decisionAppliesToCandidate	2	import
artifact/artifact-migration.mjs	validateSourceInventory	resumable-migration.mjs	decisionRationaleDigest	1	import
artifact/artifact-migration.mjs	validateSourceInventory	resumable-migration.mjs	readRecordedDecisions	1	import
artifact/artifact-migration.mjs	validateState	artifact/artifact-migration.mjs	ARTIFACT_CONTRACT_VERSION	1	local
artifact/artifact-migration.mjs	validateState	artifact/artifact-migration.mjs	ARTIFACT_RESOLUTIONS	1	local
artifact/artifact-migration.mjs	validateState	artifact/artifact-migration.mjs	ARTIFACT_WORKFLOW_VERSION	1	local
artifact/artifact-migration.mjs	validateState	artifact/artifact-migration.mjs	KNOWN_STATE_KEYS	1	local
artifact/artifact-migration.mjs	validateState	artifact/artifact-migration.mjs	OPTIONAL_STATE_KEYS	1	local
artifact/artifact-migration.mjs	validateState	artifact/artifact-migration.mjs	arrayOf	1	local
artifact/artifact-migration.mjs	validateState	artifact/artifact-migration.mjs	artifactFormatAdmissible	1	local
artifact/artifact-migration.mjs	validateState	artifact/artifact-migration.mjs	boolean	1	local
artifact/artifact-migration.mjs	validateState	artifact/artifact-migration.mjs	canonical	4	local
artifact/artifact-migration.mjs	validateState	artifact/artifact-migration.mjs	exactObject	3	local
artifact/artifact-migration.mjs	validateState	artifact/artifact-migration.mjs	nonEmpty	3	local
artifact/artifact-migration.mjs	validateState	artifact/artifact-migration.mjs	normalizeRelative	1	local
artifact/artifact-migration.mjs	validateState	artifact/artifact-migration.mjs	plainObject	1	local
artifact/artifact-migration.mjs	validateState	artifact/artifact-migration.mjs	unique	1	local
artifact/artifact-migration.mjs	validateState	artifact/artifact-migration.mjs	validateBinding	2	local
artifact/artifact-migration.mjs	validateState	migration-utils.mjs	assertPonytailTarget	1	import
artifact/artifact-migration.mjs	validateState	migration-utils.mjs	assertSafeName	2	import
artifact/artifact-migration.mjs	validateState	migration-utils.mjs	resolveDesignSource	1	import
artifact/artifact-migration.mjs	validateState	resumable-migration.mjs	MIGRATION_STEPS	2	import
artifact/artifact-migration.mjs	validateState	toolkit-identity.mjs	validateToolkitIdentity	1	import
artifact/artifact-migration.mjs	validateTargetInventory	artifact/artifact-migration.mjs	ARTIFACT_RESOLUTIONS	1	local
artifact/artifact-migration.mjs	validateTargetInventory	artifact/artifact-migration.mjs	arrayOf	4	local
artifact/artifact-migration.mjs	validateTargetInventory	artifact/artifact-migration.mjs	exactObject	4	local
artifact/artifact-migration.mjs	validateTargetInventory	artifact/artifact-migration.mjs	exists	1	local
artifact/artifact-migration.mjs	validateTargetInventory	artifact/artifact-migration.mjs	nonEmpty	2	local
artifact/artifact-migration.mjs	validateTargetInventory	artifact/artifact-migration.mjs	normalizeRelative	7	local
artifact/artifact-migration.mjs	validateTargetInventory	artifact/artifact-migration.mjs	readJsonAt	2	local
artifact/artifact-migration.mjs	validateTargetInventory	artifact/artifact-migration.mjs	sameMembers	1	local
artifact/artifact-migration.mjs	validateTargetInventory	artifact/artifact-migration.mjs	samePath	1	local
artifact/artifact-migration.mjs	validateTargetInventory	artifact/artifact-migration.mjs	unique	2	local
artifact/artifact-migration.mjs	validateTargetInventory	artifact/artifact-migration.mjs	validateEvidenceFile	2	local
artifact/artifact-migration.mjs	validateTargetInventory	artifact/artifact-migration.mjs	validateSourceInventory	1	local
artifact/artifact-migration.mjs	validateTargetInventory	artifact/artifact-migration.mjs	versionOne	1	local
artifact/artifact-migration.mjs	validateTransactionInput	artifact/artifact-migration.mjs	arrayOf	1	local
artifact/artifact-migration.mjs	validateTransactionInput	artifact/artifact-migration.mjs	canonical	4	local
artifact/artifact-migration.mjs	validateTransactionInput	artifact/artifact-migration.mjs	exactObject	5	local
artifact/artifact-migration.mjs	validateTransactionInput	artifact/artifact-migration.mjs	nonEmpty	3	local
artifact/artifact-migration.mjs	validateTransactionInput	artifact/artifact-migration.mjs	normalizeRelative	2	local
artifact/artifact-migration.mjs	validateTransactionInput	artifact/artifact-migration.mjs	plainObject	1	local
artifact/artifact-migration.mjs	validateTransactionInput	artifact/artifact-migration.mjs	unique	1	local
artifact/artifact-migration.mjs	validateTransactionInput	migration-utils.mjs	assertPonytailTarget	1	import
artifact/artifact-migration.mjs	validateTransactionInput	migration-utils.mjs	assertSafeName	1	import
artifact/artifact-migration.mjs	validateTransactionInput	migration-utils.mjs	resolveDesignSource	1	import
artifact/artifact-migration.mjs	validateTransactionInput	toolkit-identity.mjs	validateToolkitIdentity	2	import
artifact/artifact-migration.mjs	validateVerification	artifact/artifact-migration.mjs	arrayOf	5	local
artifact/artifact-migration.mjs	validateVerification	artifact/artifact-migration.mjs	artifactEvidenceDigest	1	local
artifact/artifact-migration.mjs	validateVerification	artifact/artifact-migration.mjs	exactObject	6	local
artifact/artifact-migration.mjs	validateVerification	artifact/artifact-migration.mjs	nonEmpty	6	local
artifact/artifact-migration.mjs	validateVerification	artifact/artifact-migration.mjs	normalizeRelative	1	local
artifact/artifact-migration.mjs	validateVerification	artifact/artifact-migration.mjs	pinDigest	1	local
artifact/artifact-migration.mjs	validateVerification	artifact/artifact-migration.mjs	readJsonAt	1	local
artifact/artifact-migration.mjs	validateVerification	artifact/artifact-migration.mjs	sameMembers	3	local
artifact/artifact-migration.mjs	validateVerification	artifact/artifact-migration.mjs	secureHash	1	local
artifact/artifact-migration.mjs	validateVerification	artifact/artifact-migration.mjs	validateArtifactVisualEvidence	1	local
artifact/artifact-migration.mjs	validateVerification	artifact/artifact-migration.mjs	validateBoundTo	1	local
artifact/artifact-migration.mjs	validateVerification	artifact/artifact-migration.mjs	validateEvidenceFile	1	local
artifact/artifact-migration.mjs	validateVerification	artifact/artifact-migration.mjs	validateImplementation	1	local
artifact/artifact-migration.mjs	validateVerification	artifact/artifact-migration.mjs	versionOne	1	local
artifact/artifact-migration.mjs	validateVerification	resumable-migration.mjs	UI_RUNTIME_STATES	1	import
artifact/artifact-migration.mjs	verifyConsumedHistory	artifact/artifact-migration.mjs	arrayOf	1	local
artifact/artifact-migration.mjs	verifyConsumedHistory	artifact/artifact-migration.mjs	exactObject	3	local
artifact/artifact-migration.mjs	verifyConsumedHistory	artifact/artifact-migration.mjs	readJsonAt	1	local
artifact/artifact-migration.mjs	verifyConsumedHistory	artifact/artifact-migration.mjs	sha256	1	local
artifact/artifact-migration.mjs	verifyConsumedHistory	resumable-migration.mjs	AUTO_DECISIONS_FILE	1	import
artifact/artifact-migration.mjs	verifyConsumedHistory	resumable-migration.mjs	DECISIONS_FILE	1	import
artifact/artifact-migration.mjs	verifyConsumedHistory	resumable-migration.mjs	VISUAL_ACCEPTANCE_FILE	1	import
artifact/artifact-migration.mjs	verifyConsumedHistory	resumable-migration.mjs	decisionAppliesToCandidate	1	import
artifact/artifact-migration.mjs	verifyConsumedHistory	resumable-migration.mjs	decisionLineDigest	1	import
artifact/artifact-migration.mjs	verifyConsumedHistory	resumable-migration.mjs	readRecordedDecisions	1	import
artifact/artifact-migration.mjs	verifyConsumedHistory	resumable-migration.mjs	resolveHistoricalRequiredPrincipal	1	import
artifact/artifact-migration.mjs	writeTransaction	artifact/artifact-migration.mjs	TRANSACTION_FILE	1	local
artifact/artifact-migration.mjs	writeTransaction	artifact/artifact-migration.mjs	finishTransaction	1	local
artifact/artifact-migration.mjs	writeTransaction	artifact/artifact-migration.mjs	jsonBytes	1	local
artifact/artifact-migration.mjs	writeTransaction	migration-utils.mjs	atomicWrite	1	import
artifact/run-artifact.mjs	<module-init>	artifact/run-artifact.mjs	runArtifactCli	1	local
artifact/run-artifact.mjs	<module-init>	engine-paths.mjs	isMainModule	1	import
artifact/run-artifact.mjs	artifactDirective	resumable-migration.mjs	renderLoopDirective	2	import
artifact/run-artifact.mjs	parseArtifactArguments	migration-policy.mjs	assertOptionCombination	1	import
artifact/run-artifact.mjs	parseArtifactArguments	migration-utils.mjs	assertPonytailTarget	1	import
artifact/run-artifact.mjs	render	artifact/run-artifact.mjs	artifactDirective	1	local
artifact/run-artifact.mjs	render	resumable-migration.mjs	renderProgressBlock	1	import
artifact/run-artifact.mjs	runArtifactCli	artifact/artifact-migration.mjs	getArtifactStatus	1	import
artifact/run-artifact.mjs	runArtifactCli	artifact/artifact-migration.mjs	runArtifact	1	import
artifact/run-artifact.mjs	runArtifactCli	artifact/run-artifact.mjs	parseArtifactArguments	1	local
artifact/run-artifact.mjs	runArtifactCli	artifact/run-artifact.mjs	render	1	local
artifact/run-artifact.mjs	runArtifactCli	migration-policy.mjs	MIGRATION_OUTCOMES	1	import
artifact/run-artifact.mjs	runArtifactCli	migration-policy.mjs	exitCodeFor	1	import
artifact/run-artifact.mjs	runArtifactCli	resumable-migration.mjs	renderProgressBlock	1	import
cli/advance-migration.mjs	<module-init>	cli/advance-migration.mjs	runAdvanceCli	1	local
cli/advance-migration.mjs	<module-init>	engine-paths.mjs	isMainModule	1	import
cli/advance-migration.mjs	directive	resumable-migration.mjs	renderLoopDirective	1	import
cli/advance-migration.mjs	parseAdvanceArguments	migration-policy.mjs	assertOptionCombination	1	import
cli/advance-migration.mjs	runAdvanceCli	cli/advance-migration.mjs	directive	5	local
cli/advance-migration.mjs	runAdvanceCli	cli/advance-migration.mjs	parseAdvanceArguments	1	local
cli/advance-migration.mjs	runAdvanceCli	migration-policy.mjs	exitCodeFor	3	import
cli/advance-migration.mjs	runAdvanceCli	migration-policy.mjs	maySelfConfirm	1	import
cli/advance-migration.mjs	runAdvanceCli	migration-policy.mjs	nextOutcome	3	import
cli/advance-migration.mjs	runAdvanceCli	migration-utils.mjs	resolveRegistryPath	1	import
cli/advance-migration.mjs	runAdvanceCli	resumable-migration.mjs	DEFAULT_MODE	1	import
cli/advance-migration.mjs	runAdvanceCli	resumable-migration.mjs	advanceMigration	1	import
cli/advance-migration.mjs	runAdvanceCli	resumable-migration.mjs	autoAdoptToolkitIdentity	1	import
cli/advance-migration.mjs	runAdvanceCli	resumable-migration.mjs	previewAdvance	1	import
cli/advance-migration.mjs	runAdvanceCli	resumable-migration.mjs	renderAdvancePreview	1	import
cli/advance-migration.mjs	runAdvanceCli	resumable-migration.mjs	renderProgressChecklist	1	import
cli/advance-migration.mjs	runAdvanceCli	resumable-migration.mjs	renderToolkitAdoption	1	import
cli/discover-module.mjs	<module-init>	cli/discover-module.mjs	runDiscoverCli	1	local
cli/discover-module.mjs	<module-init>	engine-paths.mjs	isMainModule	1	import
cli/discover-module.mjs	directive	resumable-migration.mjs	renderLoopDirective	1	import
cli/discover-module.mjs	parseDiscoverArguments	cli/discover-module.mjs	normalizePonytailArgument	1	local
cli/discover-module.mjs	parseDiscoverArguments	cli/discover-module.mjs	sliceList	2	local
cli/discover-module.mjs	parseDiscoverArguments	migration-policy.mjs	assertOptionCombination	1	import
cli/discover-module.mjs	renderExecutionPreview	cli/discover-module.mjs	renderSliceAmendment	1	local
cli/discover-module.mjs	runDiscoverCli	cli/discover-module.mjs	directive	4	local
cli/discover-module.mjs	runDiscoverCli	cli/discover-module.mjs	parseDiscoverArguments	1	local
cli/discover-module.mjs	runDiscoverCli	cli/discover-module.mjs	renderExecutionPreview	1	local
cli/discover-module.mjs	runDiscoverCli	migration-policy.mjs	exitCodeFor	2	import
cli/discover-module.mjs	runDiscoverCli	migration-policy.mjs	maySelfConfirm	1	import
cli/discover-module.mjs	runDiscoverCli	migration-policy.mjs	nextOutcome	4	import
cli/discover-module.mjs	runDiscoverCli	migration-utils.mjs	resolveRegistryPath	1	import
cli/discover-module.mjs	runDiscoverCli	migration-utils.mjs	runDoctor	1	import
cli/discover-module.mjs	runDiscoverCli	resumable-migration.mjs	BLOCKED_EXIT_CODE	2	import
cli/discover-module.mjs	runDiscoverCli	resumable-migration.mjs	adoptUiObservations	1	import
cli/discover-module.mjs	runDiscoverCli	resumable-migration.mjs	assertExecutionConfirmation	1	import
cli/discover-module.mjs	runDiscoverCli	resumable-migration.mjs	autoAdoptToolkitIdentity	1	import
cli/discover-module.mjs	runDiscoverCli	resumable-migration.mjs	bootstrapMigration	1	import
cli/discover-module.mjs	runDiscoverCli	resumable-migration.mjs	commitFormatUpgrade	1	import
cli/discover-module.mjs	runDiscoverCli	resumable-migration.mjs	getMigrationStatus	1	import
cli/discover-module.mjs	runDiscoverCli	resumable-migration.mjs	previewDiscoveryScan	1	import
cli/discover-module.mjs	runDiscoverCli	resumable-migration.mjs	previewMigrationExecution	2	import
cli/discover-module.mjs	runDiscoverCli	resumable-migration.mjs	previewUiObservationsAdoption	1	import
cli/discover-module.mjs	runDiscoverCli	resumable-migration.mjs	recoverMigrationRecord	1	import
cli/discover-module.mjs	runDiscoverCli	resumable-migration.mjs	renderToolkitAdoption	1	import
cli/run-migration.mjs	<module-init>	cli/run-migration.mjs	runMigration	1	local
cli/run-migration.mjs	<module-init>	engine-paths.mjs	isMainModule	1	import
cli/run-migration.mjs	<module-init>	migration-policy.mjs	exitCodeFor	1	import
cli/run-migration.mjs	decisionCandidates	cli/run-migration.mjs	pendingApprovals	1	local
cli/run-migration.mjs	operatorApproval	record-decision.mjs	reviewReference	1	import
cli/run-migration.mjs	parseRunArguments	cli/discover-module.mjs	normalizePonytailArgument	1	import
cli/run-migration.mjs	parseRunArguments	migration-policy.mjs	assertOptionCombination	1	import
cli/run-migration.mjs	pendingApprovals	record-decision.mjs	pendingDecisionCandidates	1	import
cli/run-migration.mjs	runMigration	artifact/run-artifact.mjs	runArtifactCli	1	import
cli/run-migration.mjs	runMigration	cli/advance-migration.mjs	runAdvanceCli	1	import
cli/run-migration.mjs	runMigration	cli/discover-module.mjs	runDiscoverCli	1	import
cli/run-migration.mjs	runMigration	cli/run-migration.mjs	TERMINAL_VALIDATION_REFUSALS	1	local
cli/run-migration.mjs	runMigration	cli/run-migration.mjs	advanceArguments	1	local
cli/run-migration.mjs	runMigration	cli/run-migration.mjs	discoverArguments	1	local
cli/run-migration.mjs	runMigration	cli/run-migration.mjs	operatorApproval	3	local
cli/run-migration.mjs	runMigration	cli/run-migration.mjs	parseRunArguments	1	local
cli/run-migration.mjs	runMigration	cli/run-migration.mjs	pendingApprovals	1	local
cli/run-migration.mjs	runMigration	cli/run-migration.mjs	recordedPrefix	1	local
cli/run-migration.mjs	runMigration	cli/run-migration.mjs	renderAuthoringRequest	1	local
cli/run-migration.mjs	runMigration	migration-policy.mjs	exitCodeFor	1	import
cli/run-migration.mjs	runMigration	migration-policy.mjs	nextOutcome	2	import
cli/run-migration.mjs	runMigration	migration-utils.mjs	resolveRegistryPath	1	import
cli/run-migration.mjs	runMigration	operator-approval.mjs	approveWithOperator	1	import
cli/run-migration.mjs	runMigration	operator-approval.mjs	moduleApprover	1	import
cli/run-migration.mjs	runMigration	operator-approval.mjs	recorderFor	1	import
cli/run-migration.mjs	runMigration	record-decision.mjs	pendingDecisionCandidates	1	import
cli/run-migration.mjs	runMigration	record-decision.mjs	renderDecisionReview	2	import
cli/run-migration.mjs	runMigration	resumable-migration.mjs	DEFAULT_MODE	1	import
cli/run-migration.mjs	runMigration	resumable-migration.mjs	MODULE_CLASSIFICATION_FILE	3	import
cli/run-migration.mjs	runMigration	resumable-migration.mjs	authoringRequest	2	import
cli/run-migration.mjs	runMigration	resumable-migration.mjs	migrationProgress	1	import
cli/run-migration.mjs	runMigration	resumable-migration.mjs	previewAdvance	1	import
cli/run-migration.mjs	runMigration	resumable-migration.mjs	renderLoopDirective	1	import
cli/run-migration.mjs	runMigration	resumable-migration.mjs	renderProgress	1	import
cli/run-migration.mjs	runMigration	resumable-migration.mjs	renderProgressBlock	1	import
cli/run-migration.mjs	runMigration	resumable-migration.mjs	validateResumableMigration	1	import
cli/toolkit-identity.mjs	<module-init>	cli/toolkit-identity.mjs	runToolkitIdentityCli	1	local
cli/toolkit-identity.mjs	<module-init>	engine-paths.mjs	isMainModule	1	import
cli/toolkit-identity.mjs	parseToolkitIdentityArguments	cli/toolkit-identity.mjs	COMMANDS	1	local
cli/toolkit-identity.mjs	reportChange	toolkit-identity.mjs	renderToolkitIdentity	3	import
cli/toolkit-identity.mjs	runToolkitIdentityCli	artifact/artifact-migration.mjs	changeArtifactToolkitIdentity	1	dynamic
cli/toolkit-identity.mjs	runToolkitIdentityCli	artifact/artifact-migration.mjs	getArtifactStatus	1	dynamic
cli/toolkit-identity.mjs	runToolkitIdentityCli	cli/toolkit-identity.mjs	artifactEngine	1	local
cli/toolkit-identity.mjs	runToolkitIdentityCli	cli/toolkit-identity.mjs	parseToolkitIdentityArguments	1	local
cli/toolkit-identity.mjs	runToolkitIdentityCli	cli/toolkit-identity.mjs	reportChange	2	local
cli/toolkit-identity.mjs	runToolkitIdentityCli	migration-utils.mjs	resolveRegistryPath	1	import
cli/toolkit-identity.mjs	runToolkitIdentityCli	resumable-migration.mjs	changeModuleToolkitIdentity	1	import
cli/toolkit-identity.mjs	runToolkitIdentityCli	resumable-migration.mjs	getMigrationStatus	1	import
cli/toolkit-identity.mjs	runToolkitIdentityCli	toolkit-identity.mjs	activeToolkitIdentity	1	import
cli/toolkit-identity.mjs	runToolkitIdentityCli	toolkit-identity.mjs	toolkitIdentityStatus	1	import
cli/update-migration-registry.mjs	<module-init>	cli/update-migration-registry.mjs	runRegistryCli	1	local
cli/update-migration-registry.mjs	<module-init>	engine-paths.mjs	isMainModule	1	import
cli/update-migration-registry.mjs	parseRegistryArguments	migration-policy.mjs	MIGRATION_MODES	1	import
cli/update-migration-registry.mjs	runRegistryCli	cli/update-migration-registry.mjs	parseRegistryArguments	1	local
cli/update-migration-registry.mjs	runRegistryCli	migration-policy.mjs	maySelfConfirm	1	import
cli/update-migration-registry.mjs	runRegistryCli	migration-utils.mjs	previewRegistryUpdate	1	import
cli/update-migration-registry.mjs	runRegistryCli	migration-utils.mjs	renderRegistryPreview	1	import
cli/update-migration-registry.mjs	runRegistryCli	migration-utils.mjs	resolveRegistryPath	1	import
cli/update-migration-registry.mjs	runRegistryCli	migration-utils.mjs	updateRegistry	1	import
cli/validate-migration.mjs	<module-init>	cli/validate-migration.mjs	runValidateCli	1	local
cli/validate-migration.mjs	<module-init>	engine-paths.mjs	isMainModule	1	import
cli/validate-migration.mjs	parseValidateArguments	migration-policy.mjs	assertOptionCombination	1	import
cli/validate-migration.mjs	runValidateCli	cli/validate-migration.mjs	parseValidateArguments	1	local
cli/validate-migration.mjs	runValidateCli	migration-utils.mjs	resolveRegistryPath	1	import
cli/validate-migration.mjs	runValidateCli	resumable-migration.mjs	validateResumableMigration	1	import
discovery-scan.mjs	PROBE_EXTENSIONS	discovery-scan.mjs	DATA_EXTENSIONS	1	local
discovery-scan.mjs	PROBE_EXTENSIONS	discovery-scan.mjs	SCRIPT_EXTENSIONS	1	local
discovery-scan.mjs	PROBE_EXTENSIONS	discovery-scan.mjs	STYLE_EXTENSIONS	1	local
discovery-scan.mjs	gitList	discovery-scan.mjs	execFileAsync	1	local
discovery-scan.mjs	gitList	discovery-scan.mjs	portable	1	local
discovery-scan.mjs	isParseable	discovery-scan.mjs	isScript	1	local
discovery-scan.mjs	isParseable	discovery-scan.mjs	isStyle	1	local
discovery-scan.mjs	isScript	discovery-scan.mjs	SCRIPT_EXTENSIONS	1	local
discovery-scan.mjs	isScript	discovery-scan.mjs	extensionOf	1	local
discovery-scan.mjs	isStyle	discovery-scan.mjs	STYLE_EXTENSIONS	1	local
discovery-scan.mjs	isStyle	discovery-scan.mjs	extensionOf	1	local
discovery-scan.mjs	kindOf	discovery-scan.mjs	ASSET_EXTENSIONS	1	local
discovery-scan.mjs	kindOf	discovery-scan.mjs	DATA_EXTENSIONS	1	local
discovery-scan.mjs	kindOf	discovery-scan.mjs	DOC_EXTENSIONS	1	local
discovery-scan.mjs	kindOf	discovery-scan.mjs	SCRIPT_EXTENSIONS	1	local
discovery-scan.mjs	kindOf	discovery-scan.mjs	STYLE_EXTENSIONS	1	local
discovery-scan.mjs	kindOf	discovery-scan.mjs	extensionOf	1	local
discovery-scan.mjs	loadTypeScript	discovery-scan.mjs	parserResolutionError	1	local
discovery-scan.mjs	normalizeRoot	discovery-scan.mjs	portable	1	local
discovery-scan.mjs	parserResolutionError	engine-paths.mjs	engineSkillRoot	1	import
discovery-scan.mjs	runDiscoveryScan	discovery-scan.mjs	CENSUS_ALGORITHM_VERSION	1	local
discovery-scan.mjs	runDiscoveryScan	discovery-scan.mjs	CENSUS_COMMAND	2	local
discovery-scan.mjs	runDiscoveryScan	discovery-scan.mjs	FINDING_KINDS	1	local
discovery-scan.mjs	runDiscoveryScan	discovery-scan.mjs	NEXT_APP_FILES	1	local
discovery-scan.mjs	runDiscoveryScan	discovery-scan.mjs	NEXT_ROOT_FILES	1	local
discovery-scan.mjs	runDiscoveryScan	discovery-scan.mjs	PROBE_EXTENSIONS	4	local
discovery-scan.mjs	runDiscoveryScan	discovery-scan.mjs	SUPPORTED_ALGORITHM_VERSIONS	2	local
discovery-scan.mjs	runDiscoveryScan	discovery-scan.mjs	TEST_PATTERN	7	local
discovery-scan.mjs	runDiscoveryScan	discovery-scan.mjs	UNPROVEN_MODULE_EDGES	2	local
discovery-scan.mjs	runDiscoveryScan	discovery-scan.mjs	assertNotSymlink	2	local
discovery-scan.mjs	runDiscoveryScan	discovery-scan.mjs	discoveryDigest	2	local
discovery-scan.mjs	runDiscoveryScan	discovery-scan.mjs	gitList	1	local
discovery-scan.mjs	runDiscoveryScan	discovery-scan.mjs	isFirstPartySpecifier	1	local
discovery-scan.mjs	runDiscoveryScan	discovery-scan.mjs	isParseable	1	local
discovery-scan.mjs	runDiscoveryScan	discovery-scan.mjs	isScript	5	local
discovery-scan.mjs	runDiscoveryScan	discovery-scan.mjs	isWithin	2	local
discovery-scan.mjs	runDiscoveryScan	discovery-scan.mjs	kindOf	5	local
discovery-scan.mjs	runDiscoveryScan	discovery-scan.mjs	loadTypeScript	1	local
discovery-scan.mjs	runDiscoveryScan	discovery-scan.mjs	normalizeRoot	3	local
discovery-scan.mjs	runDiscoveryScan	discovery-scan.mjs	portable	6	local
discovery-scan.mjs	runDiscoveryScan	discovery-scan.mjs	scriptEdges	1	local
discovery-scan.mjs	runDiscoveryScan	discovery-scan.mjs	scriptExportNames	1	local
discovery-scan.mjs	runDiscoveryScan	discovery-scan.mjs	styleEdges	1	local
discovery-scan.mjs	runDiscoveryScan	discovery-scan.mjs	underRoot	2	local
discovery-scan.mjs	scriptEdges	discovery-scan.mjs	portable	1	local
discovery-scan.mjs	structuralUnits	discovery-scan.mjs	SCRIPT_UNIT_EXTENSIONS	1	local
discovery-scan.mjs	structuralUnits	discovery-scan.mjs	STRUCTURAL_MAX_DEPTH	2	local
discovery-scan.mjs	structuralUnits	discovery-scan.mjs	portable	1	local
discovery-scan.mjs	styleEdges	discovery-scan.mjs	CSS_IMPORT	1	local
discovery-scan.mjs	styleEdges	discovery-scan.mjs	CSS_URL	1	local
engine-paths.mjs	engineArgv	engine-paths.mjs	engineScriptsRoot	1	local
engine-paths.mjs	engineCommand	engine-paths.mjs	engineArgv	1	local
engine-paths.mjs	engineCommand	engine-paths.mjs	quoteCommandToken	1	local
engine-paths.mjs	engineSkillRoot	engine-paths.mjs	engineScriptsRoot	1	local
format-upgrade.mjs	assertRegistryCoverage	format-upgrade.mjs	validPrerequisite	1	local
mcp-server.mjs	<module-init>	engine-paths.mjs	isMainModule	1	import
mcp-server.mjs	<module-init>	mcp-server.mjs	serve	1	local
mcp-server.mjs	<module-init>	migration-policy.mjs	exitCodeFor	1	import
mcp-server.mjs	ARTIFACT_INPUT_SCHEMA	mcp-server.mjs	RUN_INPUT_SCHEMA	1	local
mcp-server.mjs	REFUSED_TOOLS	engine-paths.mjs	engineCommand	6	import
mcp-server.mjs	REFUSED_TOOLS	resumable-migration.mjs	upgradeCommandFor	1	import
mcp-server.mjs	RELAY_INPUT_SCHEMA	mcp-server.mjs	INPUT_SCHEMA	2	local
mcp-server.mjs	RUN_INPUT_SCHEMA	mcp-server.mjs	INPUT_SCHEMA	2	local
mcp-server.mjs	RUN_INPUT_SCHEMA	migration-policy.mjs	MIGRATION_MODES	1	import
mcp-server.mjs	RUN_INPUT_SCHEMA	migration-utils.mjs	DESIGN_SOURCES	1	import
mcp-server.mjs	RUN_INPUT_SCHEMA	migration-utils.mjs	PONYTAIL_TARGETS	1	import
mcp-server.mjs	TOOLS	artifact/artifact-migration.mjs	getArtifactStatus	1	import
mcp-server.mjs	TOOLS	artifact/artifact-migration.mjs	runArtifact	1	import
mcp-server.mjs	TOOLS	artifact/run-artifact.mjs	artifactDirective	1	import
mcp-server.mjs	TOOLS	mcp-server.mjs	ARTIFACT_INPUT_SCHEMA	2	local
mcp-server.mjs	TOOLS	mcp-server.mjs	INPUT_SCHEMA	3	local
mcp-server.mjs	TOOLS	mcp-server.mjs	RELAY_INPUT_SCHEMA	1	local
mcp-server.mjs	TOOLS	mcp-server.mjs	RELAY_TOOL	1	local
mcp-server.mjs	TOOLS	mcp-server.mjs	RUN_INPUT_SCHEMA	1	local
mcp-server.mjs	TOOLS	mcp-server.mjs	artifactOptions	2	local
mcp-server.mjs	TOOLS	mcp-server.mjs	readOnly	3	local
mcp-server.mjs	TOOLS	mcp-server.mjs	registryFor	1	local
mcp-server.mjs	TOOLS	mcp-server.mjs	runTool	1	local
mcp-server.mjs	TOOLS	mcp-server.mjs	trustedDecisionRecorder	1	local
mcp-server.mjs	TOOLS	record-decision.mjs	pendingDecisionCandidates	1	import
mcp-server.mjs	TOOLS	record-decision.mjs	relayOperatorDecision	1	import
mcp-server.mjs	TOOLS	resumable-migration.mjs	getMigrationStatus	1	import
mcp-server.mjs	TOOLS	resumable-migration.mjs	previewDiscoveryScan	1	import
mcp-server.mjs	TOOLS	resumable-migration.mjs	renderLoopDirective	1	import
mcp-server.mjs	TOOLS_BY_NAME	mcp-server.mjs	TOOLS	1	local
mcp-server.mjs	approvalShapedArgument	mcp-server.mjs	APPROVAL_SHAPED_KEY	1	local
mcp-server.mjs	callTool	mcp-server.mjs	JSON_RPC_INTERNAL_ERROR	1	local
mcp-server.mjs	callTool	mcp-server.mjs	JSON_RPC_INVALID_REQUEST	1	local
mcp-server.mjs	callTool	mcp-server.mjs	callToolInContext	1	local
mcp-server.mjs	callTool	mcp-server.mjs	failure	2	local
mcp-server.mjs	callTool	mcp-server.mjs	toolCalls	2	local
mcp-server.mjs	callToolInContext	mcp-server.mjs	JSON_RPC_INTERNAL_ERROR	1	local
mcp-server.mjs	callToolInContext	mcp-server.mjs	JSON_RPC_INVALID_REQUEST	3	local
mcp-server.mjs	callToolInContext	mcp-server.mjs	JSON_RPC_METHOD_NOT_FOUND	2	local
mcp-server.mjs	callToolInContext	mcp-server.mjs	PROGRESS_TOOLS	1	local
mcp-server.mjs	callToolInContext	mcp-server.mjs	REFUSED_TOOLS	3	local
mcp-server.mjs	callToolInContext	mcp-server.mjs	RELAY_TOOL	1	local
mcp-server.mjs	callToolInContext	mcp-server.mjs	TOOLS_BY_NAME	1	local
mcp-server.mjs	callToolInContext	mcp-server.mjs	approvalShapedArgument	1	local
mcp-server.mjs	callToolInContext	mcp-server.mjs	failure	6	local
mcp-server.mjs	callToolInContext	mcp-server.mjs	registryFor	1	local
mcp-server.mjs	callToolInContext	mcp-server.mjs	success	2	local
mcp-server.mjs	callToolInContext	record-decision.mjs	pendingDecisionCandidates	1	import
mcp-server.mjs	callToolInContext	resumable-migration.mjs	renderProgressBlock	1	import
mcp-server.mjs	handleMessage	mcp-server.mjs	JSON_RPC_INVALID_REQUEST	1	local
mcp-server.mjs	handleMessage	mcp-server.mjs	JSON_RPC_METHOD_NOT_FOUND	1	local
mcp-server.mjs	handleMessage	mcp-server.mjs	PROTOCOL_VERSIONS	2	local
mcp-server.mjs	handleMessage	mcp-server.mjs	SERVER_NAME	1	local
mcp-server.mjs	handleMessage	mcp-server.mjs	TOOLS	1	local
mcp-server.mjs	handleMessage	mcp-server.mjs	callTool	1	local
mcp-server.mjs	handleMessage	mcp-server.mjs	createSession	1	local
mcp-server.mjs	handleMessage	mcp-server.mjs	descriptorOf	1	local
mcp-server.mjs	handleMessage	mcp-server.mjs	failure	2	local
mcp-server.mjs	handleMessage	mcp-server.mjs	success	3	local
mcp-server.mjs	handleMessage	resumable-migration.mjs	WORKFLOW_VERSION	1	import
mcp-server.mjs	readOnly	mcp-server.mjs	registryFor	1	local
mcp-server.mjs	registryFor	migration-utils.mjs	resolveRegistryPath	1	import
mcp-server.mjs	respond	mcp-server.mjs	JSON_RPC_PARSE_ERROR	1	local
mcp-server.mjs	respond	mcp-server.mjs	failure	1	local
mcp-server.mjs	respond	mcp-server.mjs	handleMessage	1	local
mcp-server.mjs	runTool	cli/run-migration.mjs	runMigration	1	import
mcp-server.mjs	runTool	mcp-server.mjs	registryFor	1	local
mcp-server.mjs	runTool	mcp-server.mjs	runArguments	1	local
mcp-server.mjs	runTool	mcp-server.mjs	trustedDecisionRecorder	1	local
mcp-server.mjs	runTool	migration-policy.mjs	exitCodeFor	1	import
mcp-server.mjs	runTool	resumable-migration.mjs	getMigrationStatus	1	import
mcp-server.mjs	serve	mcp-server.mjs	ELICITATION_TIMEOUT_MS	1	local
mcp-server.mjs	serve	mcp-server.mjs	answeredId	1	local
mcp-server.mjs	serve	mcp-server.mjs	createSession	1	local
mcp-server.mjs	serve	mcp-server.mjs	respond	1	local
mcp-server.mjs	trustedDecisionRecorder	mcp-server.mjs	CONFIRMATION_SCHEMA	1	local
mcp-server.mjs	trustedDecisionRecorder	mcp-server.mjs	ELICITATION_TIMEOUT_MS	1	local
mcp-server.mjs	trustedDecisionRecorder	record-decision.mjs	runRecordDecisionCli	1	import
migration-policy.mjs	EXIT_CODES	resumable-migration.mjs	BLOCKED_EXIT_CODE	3	import
migration-policy.mjs	assertDesignSource	migration-utils.mjs	DESIGN_SOURCES	2	import
migration-policy.mjs	assertMode	migration-policy.mjs	MIGRATION_MODES	1	local
migration-policy.mjs	assertMode	migration-policy.mjs	MODE_MESSAGE	1	local
migration-policy.mjs	assertOptionCombination	migration-policy.mjs	ARTIFACT_USAGE	1	local
migration-policy.mjs	assertOptionCombination	migration-policy.mjs	DISCOVER_USAGE	1	local
migration-policy.mjs	assertOptionCombination	migration-policy.mjs	RUN_REFUSED_OPTIONS	1	local
migration-policy.mjs	assertOptionCombination	migration-policy.mjs	RUN_USAGE	1	local
migration-policy.mjs	assertOptionCombination	migration-policy.mjs	assertDesignSource	3	local
migration-policy.mjs	assertOptionCombination	migration-policy.mjs	assertMode	4	local
migration-policy.mjs	assertOptionCombination	migration-policy.mjs	assertStepName	2	local
migration-policy.mjs	assertOptionCombination	migration-policy.mjs	hasAddFile	4	local
migration-policy.mjs	assertOptionCombination	migration-policy.mjs	hasFigma	3	local
migration-policy.mjs	assertOptionCombination	migration-policy.mjs	hasLegacy	2	local
migration-policy.mjs	assertStepName	resumable-migration.mjs	MIGRATION_STEPS	1	import
migration-policy.mjs	exitCodeFor	migration-policy.mjs	EXIT_CODES	2	local
migration-policy.mjs	maySelfConfirm	resumable-migration.mjs	isAutoAuthority	1	import
migration-utils.mjs	IDENTITY_SCHEMES	migration-utils.mjs	CONTENT_IDENTITY_BYTES	1	local
migration-utils.mjs	IDENTITY_SCHEMES	migration-utils.mjs	CONTENT_IDENTITY_TEXT	1	local
migration-utils.mjs	assertFigmaSource	migration-utils.mjs	FIGMA_FILE_KEY	1	local
migration-utils.mjs	assertFigmaSource	migration-utils.mjs	FIGMA_NODE_ID	1	local
migration-utils.mjs	assertNoPendingTransaction	engine-paths.mjs	engineCommand	1	import
migration-utils.mjs	assertNoPendingTransaction	migration-utils.mjs	pendingTransactions	1	local
migration-utils.mjs	assertPonytailTarget	migration-utils.mjs	PONYTAIL_TARGETS	1	local
migration-utils.mjs	assertPonytailTarget	migration-utils.mjs	isPonytailTarget	1	local
migration-utils.mjs	assertProjectRootContainment	migration-utils.mjs	isWithin	2	local
migration-utils.mjs	assertSafeName	migration-utils.mjs	SAFE_NAME	1	local
migration-utils.mjs	assertSecurePath	migration-utils.mjs	isWithin	1	local
migration-utils.mjs	atomicWrite	migration-utils.mjs	assertSecurePath	2	local
migration-utils.mjs	commitsIntroducingBlob	migration-utils.mjs	execFileAsync	1	local
migration-utils.mjs	commitsIntroducingBlob	migration-utils.mjs	fileAtRevision	2	local
migration-utils.mjs	commitsTouchingSince	migration-utils.mjs	execFileAsync	1	local
migration-utils.mjs	committedChangesSince	migration-utils.mjs	execFileAsync	1	local
migration-utils.mjs	contentIdentity	migration-utils.mjs	CONTENT_IDENTITY_BYTES	1	local
migration-utils.mjs	contentIdentity	migration-utils.mjs	CONTENT_IDENTITY_TEXT	1	local
migration-utils.mjs	contentIdentity	migration-utils.mjs	foldCrlf	1	local
migration-utils.mjs	contentIdentity	migration-utils.mjs	isTextIdentityEligible	1	local
migration-utils.mjs	contentIdentity	migration-utils.mjs	sha256Hex	2	local
migration-utils.mjs	contentIdentityMatches	migration-utils.mjs	CONTENT_IDENTITY_BYTES	1	local
migration-utils.mjs	contentIdentityMatches	migration-utils.mjs	CONTENT_IDENTITY_TEXT	1	local
migration-utils.mjs	contentIdentityMatches	migration-utils.mjs	expandLf	1	local
migration-utils.mjs	contentIdentityMatches	migration-utils.mjs	foldCrlf	2	local
migration-utils.mjs	contentIdentityMatches	migration-utils.mjs	isTextIdentityEligible	1	local
migration-utils.mjs	contentIdentityMatches	migration-utils.mjs	parseContentIdentity	1	local
migration-utils.mjs	contentIdentityMatches	migration-utils.mjs	sha256Hex	5	local
migration-utils.mjs	dirtyManifest	migration-utils.mjs	execFileAsync	2	local
migration-utils.mjs	dirtyManifest	migration-utils.mjs	portablePath	1	local
migration-utils.mjs	expandLf	migration-utils.mjs	CR	1	local
migration-utils.mjs	expandLf	migration-utils.mjs	LF	2	local
migration-utils.mjs	fileAtRevision	migration-utils.mjs	execFileAsync	1	local
migration-utils.mjs	fileContentIdentity	migration-utils.mjs	assertSecurePath	1	local
migration-utils.mjs	fileContentIdentity	migration-utils.mjs	contentIdentity	1	local
migration-utils.mjs	fileContentIdentityMatches	migration-utils.mjs	assertSecurePath	1	local
migration-utils.mjs	fileContentIdentityMatches	migration-utils.mjs	contentIdentityMatches	1	local
migration-utils.mjs	foldCrlf	migration-utils.mjs	CR	2	local
migration-utils.mjs	foldCrlf	migration-utils.mjs	LF	1	local
migration-utils.mjs	gitRevision	migration-utils.mjs	execFileAsync	2	local
migration-utils.mjs	gitTopLevel	migration-utils.mjs	canonical	1	local
migration-utils.mjs	gitTopLevel	migration-utils.mjs	execFileAsync	1	local
migration-utils.mjs	headRevision	migration-utils.mjs	execFileAsync	1	local
migration-utils.mjs	isAncestorCommit	migration-utils.mjs	execFileAsync	1	local
migration-utils.mjs	isContentIdentity	migration-utils.mjs	parseContentIdentity	1	local
migration-utils.mjs	isPonytailTarget	migration-utils.mjs	PONYTAIL_TARGETS	1	local
migration-utils.mjs	isTextContent	migration-utils.mjs	CR	1	local
migration-utils.mjs	isTextContent	migration-utils.mjs	DEL	1	local
migration-utils.mjs	isTextContent	migration-utils.mjs	LF	1	local
migration-utils.mjs	isTextContent	migration-utils.mjs	TAB	1	local
migration-utils.mjs	isTextIdentityEligible	migration-utils.mjs	TEXT_IDENTITY_EXTENSIONS	1	local
migration-utils.mjs	isTextIdentityEligible	migration-utils.mjs	isTextContent	1	local
migration-utils.mjs	legacyInstalledProjectRoot	engine-paths.mjs	engineScriptsRoot	1	import
migration-utils.mjs	legacyInstalledProjectRoot	engine-paths.mjs	engineSkillRoot	1	import
migration-utils.mjs	legacyInstalledProjectRoot	migration-utils.mjs	canonical	1	local
migration-utils.mjs	legacyInstalledProjectRoot	migration-utils.mjs	gitTopLevel	2	local
migration-utils.mjs	nextRegistryDocument	migration-utils.mjs	assertSafeName	3	local
migration-utils.mjs	nextRegistryDocument	migration-utils.mjs	validateRegistry	1	local
migration-utils.mjs	parseContentIdentity	migration-utils.mjs	BARE_DIGEST	1	local
migration-utils.mjs	parseContentIdentity	migration-utils.mjs	IDENTITY_SCHEMES	1	local
migration-utils.mjs	parseContentIdentity	migration-utils.mjs	PREFIXED_DIGEST	1	local
migration-utils.mjs	parseContentIdentity	migration-utils.mjs	TAGGED_IDENTITY	1	local
migration-utils.mjs	persistProjectRegistryBinding	migration-utils.mjs	atomicWrite	1	local
migration-utils.mjs	previewProjectRegistryBinding	migration-utils.mjs	assertProjectRootContainment	1	local
migration-utils.mjs	previewProjectRegistryBinding	migration-utils.mjs	mismatch	1	local
migration-utils.mjs	previewProjectRegistryBinding	migration-utils.mjs	portablePath	1	local
migration-utils.mjs	previewProjectRegistryBinding	migration-utils.mjs	readProjectConfiguration	1	local
migration-utils.mjs	previewProjectRegistryBinding	migration-utils.mjs	registryIdentity	1	local
migration-utils.mjs	previewProjectRegistryBinding	migration-utils.mjs	samePath	1	local
migration-utils.mjs	previewRegistryUpdate	migration-utils.mjs	nextRegistryDocument	1	local
migration-utils.mjs	previewRegistryUpdate	migration-utils.mjs	previewProjectRegistryBinding	1	local
migration-utils.mjs	previewRegistryUpdate	migration-utils.mjs	readRegistry	1	local
migration-utils.mjs	projectRootFor	migration-utils.mjs	isWithin	1	local
migration-utils.mjs	projectRootFor	migration-utils.mjs	legacyInstalledProjectRoot	1	local
migration-utils.mjs	readRegistry	migration-utils.mjs	validateRegistry	1	local
migration-utils.mjs	readStateRegistry	migration-utils.mjs	isWithin	1	local
migration-utils.mjs	recoverRegistryJournal	migration-utils.mjs	atomicWrite	2	local
migration-utils.mjs	recoverRegistryJournal	migration-utils.mjs	registryJournalPathFor	1	local
migration-utils.mjs	registryIdentity	migration-utils.mjs	portablePath	1	local
migration-utils.mjs	resolveDesignSource	migration-utils.mjs	DESIGN_SOURCES	2	local
migration-utils.mjs	resolveDesignSource	migration-utils.mjs	assertFigmaSource	1	local
migration-utils.mjs	resolveLegacySources	migration-utils.mjs	assertSafeName	1	local
migration-utils.mjs	resolveModule	migration-utils.mjs	assertSafeName	2	local
migration-utils.mjs	resolveRegistryPath	migration-utils.mjs	mismatch	2	local
migration-utils.mjs	resolveRegistryPath	migration-utils.mjs	projectRootFor	1	local
migration-utils.mjs	resolveRegistryPath	migration-utils.mjs	readProjectConfiguration	1	local
migration-utils.mjs	resolveRegistryPath	migration-utils.mjs	readRegistry	1	local
migration-utils.mjs	resolveRegistryPath	migration-utils.mjs	registryIdentity	3	local
migration-utils.mjs	resolveRegistryPath	migration-utils.mjs	samePath	1	local
migration-utils.mjs	resolveRegistryPath	migration-utils.mjs	stateRegistryFromCandidate	1	local
migration-utils.mjs	resolveRegistryPath	migration-utils.mjs	stateRegistryFromCwd	1	local
migration-utils.mjs	resolveRegistryPath	migration-utils.mjs	stateRegistryFromWorkspace	1	local
migration-utils.mjs	runDoctor	discovery-scan.mjs	loadTypeScript	1	dynamic
migration-utils.mjs	runDoctor	engine-paths.mjs	engineSkillRoot	1	import
migration-utils.mjs	runDoctor	migration-utils.mjs	MINIMUM_NODE_MAJOR	3	local
migration-utils.mjs	runDoctor	migration-utils.mjs	doctorCheck	4	local
migration-utils.mjs	runDoctor	migration-utils.mjs	execFileAsync	1	local
migration-utils.mjs	runDoctor	migration-utils.mjs	existingKnowledgeRoot	1	local
migration-utils.mjs	runDoctor	migration-utils.mjs	projectRootFor	1	local
migration-utils.mjs	samePath	migration-utils.mjs	comparablePath	2	local
migration-utils.mjs	stateRegistryFromCandidate	migration-utils.mjs	readRegistry	1	local
migration-utils.mjs	stateRegistryFromCandidate	migration-utils.mjs	readStateRegistry	1	local
migration-utils.mjs	stateRegistryFromCwd	migration-utils.mjs	readStateRegistry	1	local
migration-utils.mjs	stateRegistryFromWorkspace	migration-utils.mjs	readStateRegistry	1	local
migration-utils.mjs	updateRegistry	migration-utils.mjs	atomicWrite	1	local
migration-utils.mjs	updateRegistry	migration-utils.mjs	persistProjectRegistryBinding	1	local
migration-utils.mjs	updateRegistry	migration-utils.mjs	previewRegistryUpdate	2	local
migration-utils.mjs	updateRegistry	migration-utils.mjs	recoverRegistryJournal	1	local
migration-utils.mjs	updateRegistry	migration-utils.mjs	registryJournalPathFor	1	local
migration-utils.mjs	updateRegistry	module-lock.mjs	withModuleLock	1	import
migration-utils.mjs	updateRegistry	module-lock.mjs	writeJournalAtomic	1	import
migration-utils.mjs	validateRegistry	migration-utils.mjs	assertPlainObject	4	local
migration-utils.mjs	validateRegistry	migration-utils.mjs	assertSafeName	3	local
migration-utils.mjs	validateRegistry	migration-utils.mjs	isWithin	1	local
migration-utils.mjs	validateRegistry	migration-utils.mjs	resolveRegistryRoot	2	local
module-lock.mjs	acquireModuleLock	module-lock.mjs	lockPathFor	1	local
module-lock.mjs	acquireModuleLock	module-lock.mjs	processAlive	1	local
module-lock.mjs	acquireModuleLock	module-lock.mjs	readOwner	2	local
module-lock.mjs	acquireModuleLock	module-lock.mjs	reclaimStale	1	local
module-lock.mjs	acquireModuleLock	module-lock.mjs	sleep	1	local
module-lock.mjs	lockPathFor	module-lock.mjs	LOCK_ROOT	1	local
module-lock.mjs	reclaimStale	module-lock.mjs	readOwner	1	local
module-lock.mjs	withModuleLock	module-lock.mjs	acquireModuleLock	1	local
operation-sequence.mjs	authorizeOperationSequence	operation-sequence.mjs	challengeForOperationSequence	1	local
operation-sequence.mjs	authorizeOperationSequence	operation-sequence.mjs	renderOperationSequence	1	local
operation-sequence.mjs	authorizeOperationSequence	resumable-migration.mjs	brandSequenceAuthorization	1	import
operation-sequence.mjs	authorizeOperationSequence	resumable-migration.mjs	isAutoAuthority	1	import
operation-sequence.mjs	challengeForOperationSequence	operation-sequence.mjs	OPERATION_SEQUENCE_KIND	1	local
operation-sequence.mjs	deriveOperationSequence	operation-sequence.mjs	AMEND_SLICE	3	local
operation-sequence.mjs	deriveOperationSequence	operation-sequence.mjs	OPERATION_SEQUENCE_KIND	2	local
operation-sequence.mjs	deriveOperationSequence	operation-sequence.mjs	addedFileFact	1	local
operation-sequence.mjs	deriveOperationSequence	operation-sequence.mjs	memberFacts	1	local
operation-sequence.mjs	deriveOperationSequence	resumable-migration.mjs	decisionRationaleDigest	1	import
operation-sequence.mjs	deriveOperationSequence	resumable-migration.mjs	lifecycleBinding	1	import
operation-sequence.mjs	deriveOperationSequence	resumable-migration.mjs	previewMigrationExecution	1	import
operation-sequence.mjs	deriveOperationSequence	resumable-migration.mjs	readState	1	import
operation-sequence.mjs	operationSequenceRunner	operation-sequence.mjs	addedFileFact	1	local
operation-sequence.mjs	operationSequenceRunner	operation-sequence.mjs	memberFacts	2	local
operation-sequence.mjs	operationSequenceRunner	operation-sequence.mjs	nextExpected	1	local
operation-sequence.mjs	operationSequenceRunner	resumable-migration.mjs	assertExecutionConfirmation	1	import
operation-sequence.mjs	operationSequenceRunner	resumable-migration.mjs	bootstrapMigration	1	import
operation-sequence.mjs	operationSequenceRunner	resumable-migration.mjs	brandSequenceAuthorization	1	import
operation-sequence.mjs	operationSequenceRunner	resumable-migration.mjs	lifecycleBinding	2	import
operation-sequence.mjs	operationSequenceRunner	resumable-migration.mjs	previewMigrationExecution	1	import
operation-sequence.mjs	operationSequenceRunner	resumable-migration.mjs	readState	1	import
operation-sequence.mjs	operationSequenceRunner	resumable-migration.mjs	sequenceAuthorizationEvidence	1	import
operator-approval.mjs	approveWithOperator	operator-approval.mjs	renderCandidateBlock	1	local
operator-approval.mjs	approveWithOperator	record-decision.mjs	renderDecisionReview	1	import
operator-approval.mjs	approveWithOperator	resumable-migration.mjs	decisionLineDigest	1	import
operator-approval.mjs	artifactApprover	operator-approval.mjs	carryChannel	1	local
operator-approval.mjs	autoDecisionRecorder	operator-approval.mjs	AUTO_REASON	1	local
operator-approval.mjs	autoDecisionRecorder	record-decision.mjs	autoApprovalChannel	1	import
operator-approval.mjs	autoDecisionRecorder	record-decision.mjs	runRecordDecisionCli	1	import
operator-approval.mjs	moduleApprover	operator-approval.mjs	carryChannel	1	local
operator-approval.mjs	recorderFor	operator-approval.mjs	autoDecisionRecorder	1	local
operator-approval.mjs	recorderFor	operator-approval.mjs	terminalDecisionRecorder	1	local
operator-approval.mjs	recorderFor	resumable-migration.mjs	isAutoAuthority	1	import
operator-approval.mjs	renderCandidateBlock	operator-approval.mjs	renderGroupBlock	1	local
operator-approval.mjs	terminalDecisionRecorder	record-decision.mjs	runRecordDecisionCli	1	import
operator-signer-service.mjs	<module-init>	engine-paths.mjs	isMainModule	1	import
operator-signer-service.mjs	<module-init>	operator-signer-service.mjs	runSignerService	1	local
operator-signer-service.mjs	runSignerService	operator-signer-service.mjs	SERVICE_CONFIG_FILE	2	local
operator-signer-service.mjs	runSignerService	operator-signer-service.mjs	writeOperatorOnly	1	local
operator-signer-service.mjs	runSignerService	operator-signer.mjs	createOperatorSigner	1	import
operator-signer-service.mjs	runSignerService	operator-signer.mjs	openSignerStore	1	import
operator-signer-service.mjs	runSignerService	operator-signer.mjs	readRootOwnedJson	1	import
operator-signer-service.mjs	runSignerService	operator-signer.mjs	readSignerActivation	1	import
operator-signer-service.mjs	runSignerService	operator-signer.mjs	startReviewCompanion	1	import
operator-signer-service.mjs	runSignerService	record-decision.mjs	beginAttestedDecision	1	import
operator-signer-service.mjs	runSignerService	record-decision.mjs	completeAttestedDecision	1	import
operator-signer-service.mjs	runSignerService	record-decision.mjs	renderDecisionReview	1	import
operator-signer-service.mjs	runSignerService	record-decision.mjs	reviewAttestedCandidate	1	import
operator-signer-service.mjs	runSignerService	toolkit-identity.mjs	activeToolkitIdentity	1	import
operator-signer.mjs	assertOwnerOnly	operator-signer.mjs	typed	1	local
operator-signer.mjs	assertSignerOrigin	operator-signer.mjs	typed	2	local
operator-signer.mjs	checkSignerActivation	operator-signer.mjs	ACTIVATION_KEYS	1	local
operator-signer.mjs	checkSignerActivation	operator-signer.mjs	PRODUCTION_ATTESTED_WRITES	1	local
operator-signer.mjs	checkSignerActivation	operator-signer.mjs	assertSignerOrigin	1	local
operator-signer.mjs	checkSignerActivation	operator-webauthn.mjs	ASSERTION_PROTOCOL	1	import
operator-signer.mjs	createOperatorSigner	operator-signer.mjs	readLedgerNoFollow	2	local
operator-signer.mjs	createOperatorSigner	operator-signer.mjs	transaction	9	local
operator-signer.mjs	createOperatorSigner	operator-signer.mjs	typed	32	local
operator-signer.mjs	createOperatorSigner	operator-webauthn.mjs	ASSERTION_PROTOCOL	1	import
operator-signer.mjs	createOperatorSigner	operator-webauthn.mjs	MAX_CHALLENGE_LIFETIME_MS	4	import
operator-signer.mjs	createOperatorSigner	operator-webauthn.mjs	assertionChallenge	2	import
operator-signer.mjs	createOperatorSigner	operator-webauthn.mjs	assertionPayload	1	import
operator-signer.mjs	createOperatorSigner	operator-webauthn.mjs	base64url	2	import
operator-signer.mjs	createOperatorSigner	operator-webauthn.mjs	groupMembersDigestOf	1	import
operator-signer.mjs	createOperatorSigner	operator-webauthn.mjs	parseAssertionPayload	2	import
operator-signer.mjs	createOperatorSigner	operator-webauthn.mjs	proofFromResponse	1	import
operator-signer.mjs	createOperatorSigner	operator-webauthn.mjs	sha256Digest	3	import
operator-signer.mjs	createOperatorSigner	operator-webauthn.mjs	verifyAssertionProof	2	import
operator-signer.mjs	createOperatorSigner	operator-webauthn.mjs	verifyEnrollment	1	import
operator-signer.mjs	createOperatorSigner	resumable-migration.mjs	DECISION_GROUP_KIND	1	import
operator-signer.mjs	createOperatorSigner	resumable-migration.mjs	decisionLineDigest	5	import
operator-signer.mjs	inertHtml	operator-signer.mjs	HTML_ESCAPES	1	local
operator-signer.mjs	openSignerStore	operator-signer.mjs	STORE_FILE	1	local
operator-signer.mjs	openSignerStore	operator-signer.mjs	assertOwnerOnly	2	local
operator-signer.mjs	openSignerStore	operator-signer.mjs	assertSignerOrigin	1	local
operator-signer.mjs	openSignerStore	operator-signer.mjs	typed	5	local
operator-signer.mjs	openSignerStore	operator-webauthn.mjs	base64url	1	import
operator-signer.mjs	readRootOwnedJson	operator-signer.mjs	typed	3	local
operator-signer.mjs	readSignerActivation	operator-signer.mjs	ACTIVATION_MANIFEST_FILE	1	local
operator-signer.mjs	readSignerActivation	operator-signer.mjs	checkSignerActivation	1	local
operator-signer.mjs	readSignerActivation	operator-signer.mjs	readRootOwnedJson	1	local
operator-signer.mjs	startReviewCompanion	operator-signer.mjs	APP_JS	1	local
operator-signer.mjs	startReviewCompanion	operator-signer.mjs	BODY_LIMIT	1	local
operator-signer.mjs	startReviewCompanion	operator-signer.mjs	ENROLL_JS	1	local
operator-signer.mjs	startReviewCompanion	operator-signer.mjs	SECURITY_HEADERS	2	local
operator-signer.mjs	startReviewCompanion	operator-signer.mjs	SESSION_MS	2	local
operator-signer.mjs	startReviewCompanion	operator-signer.mjs	inertHtml	9	local
operator-signer.mjs	startReviewCompanion	operator-signer.mjs	typed	8	local
operator-signer.mjs	startReviewCompanion	operator-webauthn.mjs	base64url	2	import
operator-webauthn.mjs	BINDING_KEYS	operator-webauthn.mjs	PAYLOAD_KEYS	1	local
operator-webauthn.mjs	assertEs256	operator-webauthn.mjs	COSE_ES256	1	local
operator-webauthn.mjs	assertionChallenge	operator-webauthn.mjs	CHALLENGE_DOMAIN	1	local
operator-webauthn.mjs	assertionChallenge	operator-webauthn.mjs	base64url	1	local
operator-webauthn.mjs	assertionPayload	operator-webauthn.mjs	ASSERTION_PROTOCOL	1	local
operator-webauthn.mjs	assertionPayload	operator-webauthn.mjs	DIGEST	4	local
operator-webauthn.mjs	assertionPayload	operator-webauthn.mjs	MAX_CHALLENGE_LIFETIME_MS	1	local
operator-webauthn.mjs	assertionPayload	operator-webauthn.mjs	PAYLOAD_KEYS	1	local
operator-webauthn.mjs	assertionPayload	operator-webauthn.mjs	RECORD_KEYS	1	local
operator-webauthn.mjs	assertionPayload	operator-webauthn.mjs	b64	1	local
operator-webauthn.mjs	assertionPayload	operator-webauthn.mjs	nonEmpty	3	local
operator-webauthn.mjs	b64	operator-webauthn.mjs	BASE64URL	1	local
operator-webauthn.mjs	groupMembersDigestOf	operator-webauthn.mjs	sha256Digest	1	local
operator-webauthn.mjs	parseAssertionPayload	operator-webauthn.mjs	PAYLOAD_KEYS	1	local
operator-webauthn.mjs	parseAssertionPayload	operator-webauthn.mjs	RECORD_KEYS	1	local
operator-webauthn.mjs	parseAssertionPayload	operator-webauthn.mjs	assertionPayload	1	local
operator-webauthn.mjs	parseAssertionPayload	operator-webauthn.mjs	exactKeys	2	local
operator-webauthn.mjs	proofFromResponse	operator-webauthn.mjs	VERIFICATION_VERSION	1	local
operator-webauthn.mjs	proofFromResponse	operator-webauthn.mjs	proofProblem	1	local
operator-webauthn.mjs	proofProblem	operator-webauthn.mjs	PROOF_KEYS	1	local
operator-webauthn.mjs	proofProblem	operator-webauthn.mjs	VERIFICATION_VERSION	1	local
operator-webauthn.mjs	proofProblem	operator-webauthn.mjs	b64	6	local
operator-webauthn.mjs	proofProblem	operator-webauthn.mjs	exactKeys	1	local
operator-webauthn.mjs	verifyAssertionProof	operator-webauthn.mjs	assertEs256	1	local
operator-webauthn.mjs	verifyAssertionProof	operator-webauthn.mjs	proofProblem	1	local
operator-webauthn.mjs	verifyAssertionProof	operator-webauthn.mjs	responseFromProof	1	local
operator-webauthn.mjs	verifyEnrollment	operator-webauthn.mjs	COSE_ES256	1	local
operator-webauthn.mjs	verifyEnrollment	operator-webauthn.mjs	assertEs256	1	local
record-decision.mjs	<module-init>	engine-paths.mjs	isMainModule	1	import
record-decision.mjs	<module-init>	record-decision.mjs	runRecordDecisionCli	1	local
record-decision.mjs	APPROVAL_EVIDENCE	record-decision.mjs	channelOf	1	local
record-decision.mjs	APPROVAL_EVIDENCE_PHRASES	record-decision.mjs	APPROVAL_CHANNELS	1	local
record-decision.mjs	APPROVAL_EVIDENCE_PHRASES	record-decision.mjs	APPROVAL_EVIDENCE	1	local
record-decision.mjs	APPROVAL_EVIDENCE_PHRASES	record-decision.mjs	GROUP_APPROVAL_EVIDENCE	1	local
record-decision.mjs	GROUP_APPROVAL_EVIDENCE	record-decision.mjs	channelOf	1	local
record-decision.mjs	appendDecisions	migration-utils.mjs	assertSecurePath	1	import
record-decision.mjs	appendDecisions	record-decision.mjs	ledgerFileForChannel	1	local
record-decision.mjs	appendDecisions	resumable-migration.mjs	decisionChannelOf	1	import
record-decision.mjs	appendDecisions	resumable-migration.mjs	decisionKindAllowed	1	import
record-decision.mjs	appendDurably	migration-utils.mjs	assertSecurePath	1	import
record-decision.mjs	appendGroupDecisions	record-decision.mjs	GROUP_APPROVAL_EVIDENCE	1	local
record-decision.mjs	appendGroupDecisions	record-decision.mjs	appendDecisions	1	local
record-decision.mjs	appendGroupDecisions	record-decision.mjs	approvedByPhrase	1	local
record-decision.mjs	appendGroupDecisions	record-decision.mjs	autoAuthorization	1	local
record-decision.mjs	appendGroupDecisions	record-decision.mjs	buildDecision	1	local
record-decision.mjs	appendGroupDecisions	record-decision.mjs	channelOf	2	local
record-decision.mjs	appendGroupDecisions	record-decision.mjs	groupFactsDigest	1	local
record-decision.mjs	appendGroupDecisions	record-decision.mjs	ledgerHeadFor	1	local
record-decision.mjs	appendNewFormatGroupDecision	record-decision.mjs	appendDecisions	1	local
record-decision.mjs	appendNewFormatGroupDecision	record-decision.mjs	buildDecision	1	local
record-decision.mjs	appendNewFormatGroupDecision	record-decision.mjs	channelOf	1	local
record-decision.mjs	appendNewFormatGroupDecision	record-decision.mjs	ledgerHeadFor	1	local
record-decision.mjs	appendNewFormatGroupDecision	resumable-migration.mjs	candidateDigestOf	1	import
record-decision.mjs	appendNewFormatGroupDecision	resumable-migration.mjs	readRecordedDecisions	1	import
record-decision.mjs	approveCandidate	record-decision.mjs	appendDecisions	2	local
record-decision.mjs	approveCandidate	record-decision.mjs	autoAuthorization	1	local
record-decision.mjs	approveCandidate	record-decision.mjs	buildDecision	2	local
record-decision.mjs	approveCandidate	record-decision.mjs	channelOf	2	local
record-decision.mjs	approveCandidate	record-decision.mjs	ledgerHeadFor	2	local
record-decision.mjs	approveCandidate	record-decision.mjs	withOperatorApproval	1	local
record-decision.mjs	approveCandidate	resumable-migration.mjs	candidateDigestOf	1	import
record-decision.mjs	approveCandidate	resumable-migration.mjs	readRecordedDecisions	1	import
record-decision.mjs	approveDecisionGroup	record-decision.mjs	appendGroupDecisions	1	local
record-decision.mjs	approveDecisionGroup	record-decision.mjs	appendNewFormatGroupDecision	1	local
record-decision.mjs	approveDecisionGroup	record-decision.mjs	withOperatorApproval	1	local
record-decision.mjs	approvedByPhrase	record-decision.mjs	channelOf	1	local
record-decision.mjs	attestedBinding	operator-webauthn.mjs	ASSERTION_PROTOCOL	1	dynamic
record-decision.mjs	attestedBinding	operator-webauthn.mjs	ATTESTED_ARTIFACT_KINDS	1	dynamic
record-decision.mjs	attestedBinding	operator-webauthn.mjs	groupMembersDigestOf	1	dynamic
record-decision.mjs	attestedBinding	operator-webauthn.mjs	sha256Digest	1	dynamic
record-decision.mjs	attestedBinding	record-decision.mjs	refused	7	local
record-decision.mjs	attestedBinding	record-decision.mjs	webauthnProtocol	1	local
record-decision.mjs	attestedBinding	resumable-migration.mjs	DECISION_GROUP_KIND	3	import
record-decision.mjs	attestedBinding	resumable-migration.mjs	candidateDigestOf	1	import
record-decision.mjs	attestedBinding	resumable-migration.mjs	lifecycleBinding	1	import
record-decision.mjs	attestedBinding	resumable-migration.mjs	usesDirectLedgerDecisions	1	import
record-decision.mjs	attestedRecompute	migration-utils.mjs	assertSafeName	1	import
record-decision.mjs	attestedRecompute	record-decision.mjs	deriveArtifactDecisions	1	local
record-decision.mjs	attestedRecompute	record-decision.mjs	moduleRecompute	1	local
record-decision.mjs	attestedRecompute	record-decision.mjs	refused	1	local
record-decision.mjs	auditDecisionLedger	record-decision.mjs	APPROVAL_EVIDENCE_PHRASES	1	local
record-decision.mjs	auditDecisionLedger	record-decision.mjs	BOUND_TO_FIELDS	1	local
record-decision.mjs	auditDecisionLedger	record-decision.mjs	groupFindings	1	local
record-decision.mjs	auditDecisionLedger	resumable-migration.mjs	DECISION_GROUP_KIND	1	import
record-decision.mjs	auditDecisionLedger	resumable-migration.mjs	decisionLineDigest	1	import
record-decision.mjs	auditDecisionLedger	resumable-migration.mjs	decisionLineProblem	1	import
record-decision.mjs	autoAuthorization	record-decision.mjs	channelOf	1	local
record-decision.mjs	autoAuthorization	toolkit-identity.mjs	activeToolkitIdentity	1	import
record-decision.mjs	beginAttestedDecision	record-decision.mjs	attestedBinding	1	local
record-decision.mjs	beginAttestedDecision	record-decision.mjs	attestedRecompute	1	local
record-decision.mjs	beginAttestedDecision	record-decision.mjs	refused	1	local
record-decision.mjs	beginAttestedDecision	resumable-migration.mjs	DECISIONS_FILE	1	import
record-decision.mjs	beginAttestedDecision	resumable-migration.mjs	attestationVerifierScope	1	import
record-decision.mjs	blockedFor	record-decision.mjs	SIGNER_UNAVAILABLE	1	local
record-decision.mjs	buildDecision	record-decision.mjs	operatorIdentity	1	local
record-decision.mjs	buildDecision	record-decision.mjs	rationaleDigestOf	1	local
record-decision.mjs	buildDecision	resumable-migration.mjs	DECISIONS_FILE	1	import
record-decision.mjs	buildDecision	resumable-migration.mjs	decisionLineDigest	1	import
record-decision.mjs	buildDecision	resumable-migration.mjs	decisionLineProblem	1	import
record-decision.mjs	completeAttestedDecision	module-lock.mjs	withModuleLock	1	import
record-decision.mjs	completeAttestedDecision	operator-webauthn.mjs	BINDING_KEYS	1	dynamic
record-decision.mjs	completeAttestedDecision	record-decision.mjs	appendDurably	1	local
record-decision.mjs	completeAttestedDecision	record-decision.mjs	attestedBinding	1	local
record-decision.mjs	completeAttestedDecision	record-decision.mjs	attestedRecompute	1	local
record-decision.mjs	completeAttestedDecision	record-decision.mjs	buildDecision	1	local
record-decision.mjs	completeAttestedDecision	record-decision.mjs	deriveArtifactDecisions	1	local
record-decision.mjs	completeAttestedDecision	record-decision.mjs	projectDecisions	1	local
record-decision.mjs	completeAttestedDecision	record-decision.mjs	refused	4	local
record-decision.mjs	completeAttestedDecision	record-decision.mjs	webauthnProtocol	1	local
record-decision.mjs	completeAttestedDecision	resumable-migration.mjs	DECISIONS_FILE	2	import
record-decision.mjs	completeAttestedDecision	resumable-migration.mjs	assertNoPendingFormatUpgrade	1	import
record-decision.mjs	completeAttestedDecision	resumable-migration.mjs	assertRecordToolkitIdentity	1	import
record-decision.mjs	completeAttestedDecision	resumable-migration.mjs	attestationVerifierScope	1	import
record-decision.mjs	completeAttestedDecision	resumable-migration.mjs	decisionKindAllowed	1	import
record-decision.mjs	completeAttestedDecision	resumable-migration.mjs	readOperatorDecisions	1	import
record-decision.mjs	completeAttestedDecision	resumable-migration.mjs	readRecordedDecisions	1	import
record-decision.mjs	decisionProjection	record-decision.mjs	PROJECTION_PRECEDENCE	1	local
record-decision.mjs	decisionProjection	record-decision.mjs	decisionCheckpoint	1	local
record-decision.mjs	deriveArtifactDecisions	artifact/artifact-migration.mjs	artifactOperatorDecisions	1	dynamic
record-decision.mjs	deriveArtifactDecisions	artifact/artifact-migration.mjs	reconcileArtifactDecisions	1	dynamic
record-decision.mjs	deriveArtifactDecisions	record-decision.mjs	blockedFor	1	local
record-decision.mjs	deriveArtifactDecisions	record-decision.mjs	reviewFor	1	local
record-decision.mjs	deriveArtifactDecisions	resumable-migration.mjs	decisionAppliesToCandidate	1	import
record-decision.mjs	deriveArtifactDecisions	resumable-migration.mjs	readRecordedDecisions	1	import
record-decision.mjs	derivePendingDecisions	engine-paths.mjs	engineCommand	1	import
record-decision.mjs	derivePendingDecisions	record-decision.mjs	blockedFor	2	local
record-decision.mjs	derivePendingDecisions	record-decision.mjs	decisionProjection	1	local
record-decision.mjs	derivePendingDecisions	record-decision.mjs	reviewFor	2	local
record-decision.mjs	derivePendingDecisions	resumable-migration.mjs	DECISION_GROUP_KIND	1	import
record-decision.mjs	derivePendingDecisions	resumable-migration.mjs	LATE_DECISION_KINDS	1	import
record-decision.mjs	derivePendingDecisions	resumable-migration.mjs	MODULE_CLASSIFICATION_FILE	1	import
record-decision.mjs	derivePendingDecisions	resumable-migration.mjs	assertDiscoveryCompletenessFormat	1	import
record-decision.mjs	derivePendingDecisions	resumable-migration.mjs	createDecisionCandidate	1	import
record-decision.mjs	derivePendingDecisions	resumable-migration.mjs	createNewFormatDecisionCandidate	1	import
record-decision.mjs	derivePendingDecisions	resumable-migration.mjs	createNewFormatDecisionGroup	1	import
record-decision.mjs	derivePendingDecisions	resumable-migration.mjs	decisionAppliesToCandidate	1	import
record-decision.mjs	derivePendingDecisions	resumable-migration.mjs	decisionGroupFor	1	import
record-decision.mjs	derivePendingDecisions	resumable-migration.mjs	decisionKindAllowed	2	import
record-decision.mjs	derivePendingDecisions	resumable-migration.mjs	decisionLineDigest	2	import
record-decision.mjs	derivePendingDecisions	resumable-migration.mjs	edgeDecisionSubject	1	import
record-decision.mjs	derivePendingDecisions	resumable-migration.mjs	legacySourceBinding	1	import
record-decision.mjs	derivePendingDecisions	resumable-migration.mjs	legacySourcesOf	1	import
record-decision.mjs	derivePendingDecisions	resumable-migration.mjs	lifecycleBinding	1	import
record-decision.mjs	derivePendingDecisions	resumable-migration.mjs	pendingTargetDriftCandidates	1	import
record-decision.mjs	derivePendingDecisions	resumable-migration.mjs	pendingVisualUnbackedCandidates	1	import
record-decision.mjs	derivePendingDecisions	resumable-migration.mjs	previewDiscoveryScan	1	import
record-decision.mjs	derivePendingDecisions	resumable-migration.mjs	projectModuleDecision	1	import
record-decision.mjs	derivePendingDecisions	resumable-migration.mjs	readMigrationContext	1	import
record-decision.mjs	derivePendingDecisions	resumable-migration.mjs	readRecordedDecisions	1	import
record-decision.mjs	derivePendingDecisions	resumable-migration.mjs	readState	1	import
record-decision.mjs	derivePendingDecisions	resumable-migration.mjs	usesDirectLedgerDecisions	1	import
record-decision.mjs	groupFactsDigest	resumable-migration.mjs	decisionRationaleDigest	1	import
record-decision.mjs	groupFindings	record-decision.mjs	groupFactsDigest	1	local
record-decision.mjs	indentReview	record-decision.mjs	inertText	1	local
record-decision.mjs	ledgerFileForChannel	resumable-migration.mjs	AUTO_DECISIONS_FILE	1	import
record-decision.mjs	ledgerFileForChannel	resumable-migration.mjs	DECISIONS_FILE	1	import
record-decision.mjs	ledgerHeadFor	resumable-migration.mjs	readAutoDecisions	1	import
record-decision.mjs	ledgerHeadFor	resumable-migration.mjs	readOperatorDecisions	1	import
record-decision.mjs	moduleRecompute	record-decision.mjs	derivePendingDecisions	1	local
record-decision.mjs	pendingDecisionCandidates	record-decision.mjs	derivePendingDecisions	1	local
record-decision.mjs	projectDecisions	record-decision.mjs	derivePendingDecisions	1	local
record-decision.mjs	projectDecisions	resumable-migration.mjs	LEGACY_COMPATIBILITY_ACTION_REQUIRED	2	import
record-decision.mjs	rationaleDigestOf	resumable-migration.mjs	decisionRationaleDigest	1	import
record-decision.mjs	recordNewFormatDecisionGroup	migration-utils.mjs	assertSafeName	1	import
record-decision.mjs	recordNewFormatDecisionGroup	record-decision.mjs	approveDecisionGroup	1	local
record-decision.mjs	recordNewFormatDecisionGroup	record-decision.mjs	derivePendingDecisions	1	local
record-decision.mjs	recordNewFormatDecisionGroup	record-decision.mjs	moduleRecompute	1	local
record-decision.mjs	recordNewFormatDecisionGroup	resumable-migration.mjs	BLOCKED_EXIT_CODE	1	import
record-decision.mjs	recordNewFormatDecisionGroup	resumable-migration.mjs	usesDirectLedgerDecisions	1	import
record-decision.mjs	relayOperatorDecision	record-decision.mjs	pendingDecisionCandidates	2	local
record-decision.mjs	relayOperatorDecision	record-decision.mjs	reviewReference	2	local
record-decision.mjs	relayOperatorDecision	record-decision.mjs	runRecordDecisionCli	1	local
record-decision.mjs	renderDecisionReview	record-decision.mjs	indentReview	2	local
record-decision.mjs	renderDecisionReview	record-decision.mjs	inertText	14	local
record-decision.mjs	renderDecisionReview	record-decision.mjs	renderEvidence	2	local
record-decision.mjs	renderEvidence	record-decision.mjs	inertText	2	local
record-decision.mjs	reviewAttestedCandidate	record-decision.mjs	attestedBinding	1	local
record-decision.mjs	reviewAttestedCandidate	record-decision.mjs	attestedRecompute	1	local
record-decision.mjs	reviewAttestedCandidate	record-decision.mjs	reviewFor	1	local
record-decision.mjs	reviewAttestedCandidate	resumable-migration.mjs	attestationVerifierScope	1	import
record-decision.mjs	reviewFor	record-decision.mjs	REVIEW_EFFECTS	1	local
record-decision.mjs	reviewFor	resumable-migration.mjs	DECISION_GROUP_KIND	4	import
record-decision.mjs	reviewFor	resumable-migration.mjs	candidateDigestOf	2	import
record-decision.mjs	runArtifactDecisionCli	record-decision.mjs	APPROVAL_EVIDENCE	1	local
record-decision.mjs	runArtifactDecisionCli	record-decision.mjs	approveCandidate	1	local
record-decision.mjs	runArtifactDecisionCli	record-decision.mjs	approvedByPhrase	1	local
record-decision.mjs	runArtifactDecisionCli	record-decision.mjs	deriveArtifactDecisions	2	local
record-decision.mjs	runArtifactDecisionCli	record-decision.mjs	verifyRecord	1	local
record-decision.mjs	runArtifactDecisionCli	resumable-migration.mjs	BLOCKED_EXIT_CODE	1	import
record-decision.mjs	runArtifactDecisionCli	resumable-migration.mjs	readRecordedDecisions	1	import
record-decision.mjs	runRecordDecisionCli	migration-utils.mjs	assertSafeName	1	import
record-decision.mjs	runRecordDecisionCli	migration-utils.mjs	resolveRegistryPath	1	import
record-decision.mjs	runRecordDecisionCli	record-decision.mjs	APPROVAL_EVIDENCE	1	local
record-decision.mjs	runRecordDecisionCli	record-decision.mjs	approveCandidate	1	local
record-decision.mjs	runRecordDecisionCli	record-decision.mjs	approveDecisionGroup	1	local
record-decision.mjs	runRecordDecisionCli	record-decision.mjs	approvedByPhrase	1	local
record-decision.mjs	runRecordDecisionCli	record-decision.mjs	derivePendingDecisions	1	local
record-decision.mjs	runRecordDecisionCli	record-decision.mjs	moduleRecompute	1	local
record-decision.mjs	runRecordDecisionCli	record-decision.mjs	parseDecisionArguments	1	local
record-decision.mjs	runRecordDecisionCli	record-decision.mjs	relayOperatorDecision	1	local
record-decision.mjs	runRecordDecisionCli	record-decision.mjs	renderDecisionReview	1	local
record-decision.mjs	runRecordDecisionCli	record-decision.mjs	runArtifactDecisionCli	1	local
record-decision.mjs	runRecordDecisionCli	record-decision.mjs	verifyRecord	1	local
record-decision.mjs	runRecordDecisionCli	resumable-migration.mjs	BLOCKED_EXIT_CODE	4	import
record-decision.mjs	runRecordDecisionCli	resumable-migration.mjs	readMigrationContext	1	import
record-decision.mjs	runRecordDecisionCli	resumable-migration.mjs	readRecordedDecisions	1	import
record-decision.mjs	runRecordDecisionCli	resumable-migration.mjs	readState	1	import
record-decision.mjs	runRecordDecisionCli	resumable-migration.mjs	usesDirectLedgerDecisions	1	import
record-decision.mjs	verifyRecord	record-decision.mjs	auditDecisionLedger	2	local
record-decision.mjs	verifyRecord	resumable-migration.mjs	AUTO_DECISIONS_FILE	2	import
record-decision.mjs	verifyRecord	resumable-migration.mjs	DECISIONS_FILE	3	import
record-decision.mjs	verifyRecord	resumable-migration.mjs	attestationVerifierScope	1	import
record-decision.mjs	verifyRecord	resumable-migration.mjs	attestedLineProblem	1	import
record-decision.mjs	withOperatorApproval	module-lock.mjs	withModuleLock	2	import
record-decision.mjs	withOperatorApproval	record-decision.mjs	assertReviewedCandidateCurrent	1	local
record-decision.mjs	withOperatorApproval	record-decision.mjs	blockedFor	1	local
record-decision.mjs	withOperatorApproval	record-decision.mjs	challengeFor	1	local
record-decision.mjs	withOperatorApproval	record-decision.mjs	channelOf	2	local
record-decision.mjs	withOperatorApproval	record-decision.mjs	renderDecisionReview	2	local
record-decision.mjs	withOperatorApproval	record-decision.mjs	reviewFor	1	local
record-decision.mjs	withOperatorApproval	resumable-migration.mjs	BLOCKED_EXIT_CODE	4	import
record-decision.mjs	withOperatorApproval	resumable-migration.mjs	assertNoPendingFormatUpgrade	2	import
record-decision.mjs	withOperatorApproval	resumable-migration.mjs	assertRecordToolkitIdentity	2	import
resumable-migration.mjs	AUTHORITY_CONTEXT_FILES	resumable-migration.mjs	VISUAL_AUTHORITIES	1	local
resumable-migration.mjs	DECISION_PROJECTION_STATES	resumable-migration.mjs	LEGACY_COMPATIBILITY_ACTION_REQUIRED	1	local
resumable-migration.mjs	DEFAULT_DECISION_POLICY_DIGEST	resumable-migration.mjs	STANDARD_LOCAL	1	local
resumable-migration.mjs	DEFAULT_DECISION_POLICY_DIGEST	resumable-migration.mjs	sha256Json	1	local
resumable-migration.mjs	DERIVED_PINS	resumable-migration.mjs	BASELINE_ROWS_PIN	1	local
resumable-migration.mjs	DERIVED_PINS	resumable-migration.mjs	DECISIONS_FILE	2	local
resumable-migration.mjs	DERIVED_PINS	resumable-migration.mjs	DISCOVERY_PIN	1	local
resumable-migration.mjs	DERIVED_PINS	resumable-migration.mjs	DISCOVERY_SCAN_FILE	1	local
resumable-migration.mjs	DERIVED_PINS	resumable-migration.mjs	IMMUTABLE_BEHAVIOR_ROW_FIELDS	1	local
resumable-migration.mjs	DERIVED_PINS	resumable-migration.mjs	assertArray	1	local
resumable-migration.mjs	DERIVED_PINS	resumable-migration.mjs	assertLateDecisionsAreAppendable	1	local
resumable-migration.mjs	DERIVED_PINS	resumable-migration.mjs	assertNonEmpty	1	local
resumable-migration.mjs	DERIVED_PINS	resumable-migration.mjs	assertPlainObject	2	local
resumable-migration.mjs	DERIVED_PINS	resumable-migration.mjs	fileExists	1	local
resumable-migration.mjs	DERIVED_PINS	resumable-migration.mjs	hashContent	2	local
resumable-migration.mjs	DERIVED_PINS	resumable-migration.mjs	readJson	2	local
resumable-migration.mjs	DIRECT_LEDGER_PINNED_ARTIFACTS	resumable-migration.mjs	DISCOVERY_SCAN_FILE	1	local
resumable-migration.mjs	DIRECT_LEDGER_PINNED_ARTIFACTS	resumable-migration.mjs	MODULE_CLASSIFICATION_FILE	1	local
resumable-migration.mjs	DISCOVERY_PIN	resumable-migration.mjs	DISCOVERY_SCAN_FILE	1	local
resumable-migration.mjs	FORMAT_ACTIVE_FOR_NEW_MIGRATIONS	resumable-migration.mjs	MIGRATION_FORMAT_VERSION	1	local
resumable-migration.mjs	FORMAT_FEATURES	resumable-migration.mjs	ARTIFACT_DELEGATION_FORMAT	1	local
resumable-migration.mjs	FORMAT_FEATURES	resumable-migration.mjs	CAPABILITY_OWNERSHIP_FORMAT	1	local
resumable-migration.mjs	FORMAT_FEATURES	resumable-migration.mjs	DESIGN_SOURCE_FORMAT	1	local
resumable-migration.mjs	FORMAT_FEATURES	resumable-migration.mjs	DIRECT_LEDGER_DECISIONS_FORMAT	1	local
resumable-migration.mjs	FORMAT_FEATURES	resumable-migration.mjs	DISCOVERY_COMPLETENESS_FORMAT	1	local
resumable-migration.mjs	FORMAT_FEATURES	resumable-migration.mjs	MULTI_SOURCE_FORMAT	1	local
resumable-migration.mjs	FORMAT_FEATURES	resumable-migration.mjs	REQUIRED_OBSERVATIONS_FORMAT	1	local
resumable-migration.mjs	FORMAT_FEATURES	resumable-migration.mjs	SLICE_REWORK_FORMAT	1	local
resumable-migration.mjs	FORMAT_FEATURES	resumable-migration.mjs	UI_VERIFICATION_FORMAT	1	local
resumable-migration.mjs	FORMAT_FEATURES	resumable-migration.mjs	VISUAL_ACCEPTANCE_FORMAT	1	local
resumable-migration.mjs	FORMAT_FEATURES	resumable-migration.mjs	usesArtifactDelegation	1	local
resumable-migration.mjs	FORMAT_FEATURES	resumable-migration.mjs	usesCapabilityOwnership	1	local
resumable-migration.mjs	FORMAT_FEATURES	resumable-migration.mjs	usesDesignSource	1	local
resumable-migration.mjs	FORMAT_FEATURES	resumable-migration.mjs	usesDirectLedgerDecisions	1	local
resumable-migration.mjs	FORMAT_FEATURES	resumable-migration.mjs	usesDiscoveryCompleteness	1	local
resumable-migration.mjs	FORMAT_FEATURES	resumable-migration.mjs	usesMultiSource	1	local
resumable-migration.mjs	FORMAT_FEATURES	resumable-migration.mjs	usesRequiredObservations	1	local
resumable-migration.mjs	FORMAT_FEATURES	resumable-migration.mjs	usesSliceRework	1	local
resumable-migration.mjs	FORMAT_FEATURES	resumable-migration.mjs	usesUiVerification	1	local
resumable-migration.mjs	FORMAT_FEATURES	resumable-migration.mjs	usesVisualAcceptance	1	local
resumable-migration.mjs	FORMAT_UPGRADERS	resumable-migration.mjs	DIRECT_LEDGER_DECISIONS_FORMAT	1	local
resumable-migration.mjs	FORMAT_UPGRADERS	resumable-migration.mjs	REQUIRED_OBSERVATIONS_FORMAT	2	local
resumable-migration.mjs	FORMAT_UPGRADERS	resumable-migration.mjs	UI_OBSERVATIONS_CANDIDATE_FILE	1	local
resumable-migration.mjs	FORMAT_UPGRADERS	resumable-migration.mjs	VISUAL_ACCEPTANCE_FORMAT	1	local
resumable-migration.mjs	FORMAT_UPGRADERS	resumable-migration.mjs	adoptDirectLedgerDecisions	1	local
resumable-migration.mjs	FORMAT_UPGRADERS	resumable-migration.mjs	adoptUiObservations	1	local
resumable-migration.mjs	FORMAT_UPGRADERS	resumable-migration.mjs	assertBoolean	1	local
resumable-migration.mjs	FORMAT_UPGRADERS	resumable-migration.mjs	assertDirectLedgerEligible	1	local
resumable-migration.mjs	FORMAT_UPGRADERS	resumable-migration.mjs	directLedgerAdoptionDigest	1	local
resumable-migration.mjs	FORMAT_UPGRADERS	resumable-migration.mjs	directLedgerAdoptionPreview	1	local
resumable-migration.mjs	FORMAT_UPGRADERS	resumable-migration.mjs	initialArtifacts	2	local
resumable-migration.mjs	FORMAT_UPGRADERS	resumable-migration.mjs	uiObservationsAdoptionPlan	1	local
resumable-migration.mjs	FORMAT_UPGRADERS	resumable-migration.mjs	validateLegacyInventory	1	local
resumable-migration.mjs	FORMAT_UPGRADE_FLOOR	resumable-migration.mjs	VISUAL_ACCEPTANCE_FORMAT	1	local
resumable-migration.mjs	IMMUTABLE_STEP_ARTIFACTS	resumable-migration.mjs	BASELINE_ROWS_PIN	1	local
resumable-migration.mjs	IMMUTABLE_STEP_ARTIFACTS	resumable-migration.mjs	CAPABILITY_OWNERSHIP_FILE	1	local
resumable-migration.mjs	IMMUTABLE_STEP_ARTIFACTS	resumable-migration.mjs	DISCOVERY_PIN	1	local
resumable-migration.mjs	IMMUTABLE_STEP_ARTIFACTS	resumable-migration.mjs	FIGMA_CONTEXT_FILE	1	local
resumable-migration.mjs	IMMUTABLE_STEP_ARTIFACTS	resumable-migration.mjs	LEGACY_RUNTIME_CONTEXT_FILE	1	local
resumable-migration.mjs	IMMUTABLE_STEP_ARTIFACTS	resumable-migration.mjs	MODULE_CLASSIFICATION_FILE	1	local
resumable-migration.mjs	IMMUTABLE_STEP_ARTIFACTS	resumable-migration.mjs	TARGET_BASELINE_FILE	1	local
resumable-migration.mjs	IMMUTABLE_STEP_ARTIFACTS	resumable-migration.mjs	VISUAL_ACCEPTANCE_FILE	1	local
resumable-migration.mjs	LEGACY_DECISION_POLICY_DIGEST	resumable-migration.mjs	LEGACY_DECISION_POLICY_ID	1	local
resumable-migration.mjs	LEGACY_DECISION_POLICY_DIGEST	resumable-migration.mjs	canonicalPolicy	1	local
resumable-migration.mjs	LEGACY_DECISION_POLICY_DIGEST	resumable-migration.mjs	sha256Json	1	local
resumable-migration.mjs	LEGACY_MIGRATION_STEPS	resumable-migration.mjs	MIGRATION_STEPS	1	local
resumable-migration.mjs	LegacyCompatibilityActionRequired	resumable-migration.mjs	LEGACY_COMPATIBILITY_ACTION_REQUIRED	2	local
resumable-migration.mjs	MIGRATION_FORMAT_SUPPORTED	resumable-migration.mjs	DIRECT_LEDGER_DECISIONS_FORMAT	1	local
resumable-migration.mjs	NON_PROMOTING_FORMAT_VERSIONS	resumable-migration.mjs	CAPABILITY_OWNERSHIP_FORMAT	1	local
resumable-migration.mjs	NON_PROMOTING_FORMAT_VERSIONS	resumable-migration.mjs	DIRECT_LEDGER_DECISIONS_FORMAT	1	local
resumable-migration.mjs	NON_PROMOTING_FORMAT_VERSIONS	resumable-migration.mjs	DISCOVERY_COMPLETENESS_FORMAT	1	local
resumable-migration.mjs	NON_PROMOTING_FORMAT_VERSIONS	resumable-migration.mjs	REQUIRED_OBSERVATIONS_FORMAT	1	local
resumable-migration.mjs	NON_PROMOTING_FORMAT_VERSIONS	resumable-migration.mjs	VISUAL_ACCEPTANCE_FORMAT	1	local
resumable-migration.mjs	PARITY_STATUSES	resumable-migration.mjs	TERMINAL_PARITY	1	local
resumable-migration.mjs	SELF_HEALING_FORMAT_VERSIONS	resumable-migration.mjs	EARLIEST_SUPPORTED_FORMAT	2	local
resumable-migration.mjs	SELF_HEALING_FORMAT_VERSIONS	resumable-migration.mjs	MIGRATION_FORMAT_VERSION	1	local
resumable-migration.mjs	STANDARD_LOCAL	resumable-migration.mjs	DEFAULT_DECISION_POLICY_ID	1	local
resumable-migration.mjs	STANDARD_LOCAL	resumable-migration.mjs	JUDGMENT_KINDS	1	local
resumable-migration.mjs	STANDARD_LOCAL	resumable-migration.mjs	canonicalPolicy	1	local
resumable-migration.mjs	STEP_DEPENDENCIES	resumable-migration.mjs	CAPABILITY_OWNERSHIP_FILE	1	local
resumable-migration.mjs	STEP_DEPENDENCIES	resumable-migration.mjs	MODULE_CLASSIFICATION_FILE	1	local
resumable-migration.mjs	SUPPORTED_FORMAT_VERSIONS	resumable-migration.mjs	EARLIEST_SUPPORTED_FORMAT	2	local
resumable-migration.mjs	SUPPORTED_FORMAT_VERSIONS	resumable-migration.mjs	MIGRATION_FORMAT_SUPPORTED	1	local
resumable-migration.mjs	UI_OBSERVATIONS_CANDIDATE_FILE	resumable-migration.mjs	UI_OBSERVATIONS_ADOPTION_ROOT	1	local
resumable-migration.mjs	VISUAL_AUTHORITIES	resumable-migration.mjs	FIGMA_CONTEXT_FILE	1	local
resumable-migration.mjs	VISUAL_AUTHORITIES	resumable-migration.mjs	LEGACY_RUNTIME_CONTEXT_FILE	1	local
resumable-migration.mjs	VISUAL_AUTHORITIES	resumable-migration.mjs	figmaNodeKey	1	local
resumable-migration.mjs	VISUAL_AUTHORITIES	resumable-migration.mjs	validateFigmaContext	1	local
resumable-migration.mjs	VISUAL_AUTHORITIES	resumable-migration.mjs	validateLegacyRuntimeContext	1	local
resumable-migration.mjs	adoptDirectLedgerDecisions	migration-utils.mjs	atomicWrite	2	import
resumable-migration.mjs	adoptDirectLedgerDecisions	module-lock.mjs	withModuleLock	1	import
resumable-migration.mjs	adoptDirectLedgerDecisions	module-lock.mjs	writeJournalAtomic	1	import
resumable-migration.mjs	adoptDirectLedgerDecisions	resumable-migration.mjs	ADVANCE_JOURNAL	1	local
resumable-migration.mjs	adoptDirectLedgerDecisions	resumable-migration.mjs	DIRECT_LEDGER_DECISIONS_FORMAT	3	local
resumable-migration.mjs	adoptDirectLedgerDecisions	resumable-migration.mjs	INTEGRITY_FILE	1	local
resumable-migration.mjs	adoptDirectLedgerDecisions	resumable-migration.mjs	REQUIRED_OBSERVATIONS_FORMAT	2	local
resumable-migration.mjs	adoptDirectLedgerDecisions	resumable-migration.mjs	appendHistoryOnce	1	local
resumable-migration.mjs	adoptDirectLedgerDecisions	resumable-migration.mjs	assertDirectLedgerEligible	1	local
resumable-migration.mjs	adoptDirectLedgerDecisions	resumable-migration.mjs	assertHistoryAppendable	1	local
resumable-migration.mjs	adoptDirectLedgerDecisions	resumable-migration.mjs	assertRecordToolkitIdentity	1	local
resumable-migration.mjs	adoptDirectLedgerDecisions	resumable-migration.mjs	directLedgerAdoptionDigest	1	local
resumable-migration.mjs	adoptDirectLedgerDecisions	resumable-migration.mjs	fileExists	1	local
resumable-migration.mjs	adoptDirectLedgerDecisions	resumable-migration.mjs	hashContent	2	local
resumable-migration.mjs	adoptDirectLedgerDecisions	resumable-migration.mjs	migrationRoot	1	local
resumable-migration.mjs	adoptDirectLedgerDecisions	resumable-migration.mjs	now	1	local
resumable-migration.mjs	adoptDirectLedgerDecisions	resumable-migration.mjs	readContext	1	local
resumable-migration.mjs	adoptDirectLedgerDecisions	resumable-migration.mjs	readState	1	local
resumable-migration.mjs	adoptDirectLedgerDecisions	resumable-migration.mjs	recoverPendingAdvance	1	local
resumable-migration.mjs	adoptDirectLedgerDecisions	resumable-migration.mjs	renderIntegrityNow	1	local
resumable-migration.mjs	adoptDirectLedgerDecisions	resumable-migration.mjs	renderState	4	local
resumable-migration.mjs	adoptDirectLedgerDecisions	resumable-migration.mjs	statePathFor	1	local
resumable-migration.mjs	adoptUiObservations	migration-utils.mjs	atomicWrite	4	import
resumable-migration.mjs	adoptUiObservations	migration-utils.mjs	contentIdentity	2	import
resumable-migration.mjs	adoptUiObservations	module-lock.mjs	withModuleLock	1	import
resumable-migration.mjs	adoptUiObservations	module-lock.mjs	writeJournalAtomic	1	import
resumable-migration.mjs	adoptUiObservations	resumable-migration.mjs	ADVANCE_JOURNAL	1	local
resumable-migration.mjs	adoptUiObservations	resumable-migration.mjs	FIGMA_CONTEXT_ADOPTION_FILE	4	local
resumable-migration.mjs	adoptUiObservations	resumable-migration.mjs	FIGMA_CONTEXT_FILE	6	local
resumable-migration.mjs	adoptUiObservations	resumable-migration.mjs	IMMUTABLE_STEP_ARTIFACTS	3	local
resumable-migration.mjs	adoptUiObservations	resumable-migration.mjs	INTEGRITY_FILE	1	local
resumable-migration.mjs	adoptUiObservations	resumable-migration.mjs	REQUIRED_OBSERVATIONS_FORMAT	4	local
resumable-migration.mjs	adoptUiObservations	resumable-migration.mjs	UI_OBSERVATIONS_ADOPTION_ROOT	1	local
resumable-migration.mjs	adoptUiObservations	resumable-migration.mjs	UI_OBSERVATIONS_CANDIDATE_FILE	3	local
resumable-migration.mjs	adoptUiObservations	resumable-migration.mjs	UI_PROOF_FORMAT	1	local
resumable-migration.mjs	adoptUiObservations	resumable-migration.mjs	VISUAL_ACCEPTANCE_FILE	2	local
resumable-migration.mjs	adoptUiObservations	resumable-migration.mjs	activeArtifact	1	local
resumable-migration.mjs	adoptUiObservations	resumable-migration.mjs	appendHistoryOnce	1	local
resumable-migration.mjs	adoptUiObservations	resumable-migration.mjs	assertHistoryAppendable	1	local
resumable-migration.mjs	adoptUiObservations	resumable-migration.mjs	assertRecordToolkitIdentity	1	local
resumable-migration.mjs	adoptUiObservations	resumable-migration.mjs	combinedUiAdoptionPlan	1	local
resumable-migration.mjs	adoptUiObservations	resumable-migration.mjs	fileIdentity	1	local
resumable-migration.mjs	adoptUiObservations	resumable-migration.mjs	hashContent	4	local
resumable-migration.mjs	adoptUiObservations	resumable-migration.mjs	initialArtifacts	1	local
resumable-migration.mjs	adoptUiObservations	resumable-migration.mjs	migrationRoot	1	local
resumable-migration.mjs	adoptUiObservations	resumable-migration.mjs	now	1	local
resumable-migration.mjs	adoptUiObservations	resumable-migration.mjs	readContext	1	local
resumable-migration.mjs	adoptUiObservations	resumable-migration.mjs	readState	1	local
resumable-migration.mjs	adoptUiObservations	resumable-migration.mjs	recoverPendingAdvance	1	local
resumable-migration.mjs	adoptUiObservations	resumable-migration.mjs	renderIntegrityNow	1	local
resumable-migration.mjs	adoptUiObservations	resumable-migration.mjs	renderState	3	local
resumable-migration.mjs	adoptUiObservations	resumable-migration.mjs	statePathFor	1	local
resumable-migration.mjs	adoptUiObservations	resumable-migration.mjs	stepsFor	1	local
resumable-migration.mjs	adoptVisualContractUnderLock	migration-utils.mjs	atomicWrite	3	import
resumable-migration.mjs	adoptVisualContractUnderLock	migration-utils.mjs	contentIdentity	1	import
resumable-migration.mjs	adoptVisualContractUnderLock	module-lock.mjs	writeJournalAtomic	1	import
resumable-migration.mjs	adoptVisualContractUnderLock	resumable-migration.mjs	ADOPTION_ROOT	2	local
resumable-migration.mjs	adoptVisualContractUnderLock	resumable-migration.mjs	ADVANCE_JOURNAL	1	local
resumable-migration.mjs	adoptVisualContractUnderLock	resumable-migration.mjs	FIGMA_CONTEXT_ADOPTION_FILE	3	local
resumable-migration.mjs	adoptVisualContractUnderLock	resumable-migration.mjs	FIGMA_CONTEXT_FILE	7	local
resumable-migration.mjs	adoptVisualContractUnderLock	resumable-migration.mjs	FIGMA_SOURCE_KINDS	1	local
resumable-migration.mjs	adoptVisualContractUnderLock	resumable-migration.mjs	INTEGRITY_FILE	1	local
resumable-migration.mjs	adoptVisualContractUnderLock	resumable-migration.mjs	VISUAL_ACCEPTANCE_FILE	2	local
resumable-migration.mjs	adoptVisualContractUnderLock	resumable-migration.mjs	VISUAL_ACCEPTANCE_FORMAT	4	local
resumable-migration.mjs	adoptVisualContractUnderLock	resumable-migration.mjs	appendHistoryOnce	1	local
resumable-migration.mjs	adoptVisualContractUnderLock	resumable-migration.mjs	assertHistoryAppendable	1	local
resumable-migration.mjs	adoptVisualContractUnderLock	resumable-migration.mjs	fileIdentity	1	local
resumable-migration.mjs	adoptVisualContractUnderLock	resumable-migration.mjs	hashContent	2	local
resumable-migration.mjs	adoptVisualContractUnderLock	resumable-migration.mjs	now	1	local
resumable-migration.mjs	adoptVisualContractUnderLock	resumable-migration.mjs	renderIntegrityNow	1	local
resumable-migration.mjs	adoptVisualContractUnderLock	resumable-migration.mjs	renderState	1	local
resumable-migration.mjs	adoptVisualContractUnderLock	resumable-migration.mjs	visualContractAdoptionPlan	1	local
resumable-migration.mjs	advanceMigration	module-lock.mjs	withModuleLock	1	import
resumable-migration.mjs	advanceMigration	resumable-migration.mjs	advanceUnderLock	1	local
resumable-migration.mjs	advanceMigration	resumable-migration.mjs	previewAdvance	1	local
resumable-migration.mjs	advanceMigration	resumable-migration.mjs	readContext	1	local
resumable-migration.mjs	advanceUnderLock	migration-utils.mjs	atomicWrite	5	import
resumable-migration.mjs	advanceUnderLock	module-lock.mjs	writeJournalAtomic	1	import
resumable-migration.mjs	advanceUnderLock	resumable-migration.mjs	ADVANCE_JOURNAL	1	local
resumable-migration.mjs	advanceUnderLock	resumable-migration.mjs	BASELINE_ROWS_PIN	3	local
resumable-migration.mjs	advanceUnderLock	resumable-migration.mjs	DISCOVERY_SCAN_FILE	1	local
resumable-migration.mjs	advanceUnderLock	resumable-migration.mjs	INTEGRITY_FILE	1	local
resumable-migration.mjs	advanceUnderLock	resumable-migration.mjs	STEP_FILES	1	local
resumable-migration.mjs	advanceUnderLock	resumable-migration.mjs	activeArtifact	1	local
resumable-migration.mjs	advanceUnderLock	resumable-migration.mjs	appendHistoryOnce	1	local
resumable-migration.mjs	advanceUnderLock	resumable-migration.mjs	assertBriefUnchanged	1	local
resumable-migration.mjs	advanceUnderLock	resumable-migration.mjs	assertCurrentOpenSpecAuthority	1	local
resumable-migration.mjs	advanceUnderLock	resumable-migration.mjs	assertHistoryAppendable	1	local
resumable-migration.mjs	advanceUnderLock	resumable-migration.mjs	assertNoPendingFormatUpgrade	1	local
resumable-migration.mjs	advanceUnderLock	resumable-migration.mjs	assertRecordToolkitIdentity	1	local
resumable-migration.mjs	advanceUnderLock	resumable-migration.mjs	completedArtifactHashes	1	local
resumable-migration.mjs	advanceUnderLock	resumable-migration.mjs	consumedDecisionStore	1	local
resumable-migration.mjs	advanceUnderLock	resumable-migration.mjs	fileExists	3	local
resumable-migration.mjs	advanceUnderLock	resumable-migration.mjs	hashFile	1	local
resumable-migration.mjs	advanceUnderLock	resumable-migration.mjs	hashPinnedArtifact	1	local
resumable-migration.mjs	advanceUnderLock	resumable-migration.mjs	inspectSliceArtifacts	2	local
resumable-migration.mjs	advanceUnderLock	resumable-migration.mjs	migrationRoot	1	local
resumable-migration.mjs	advanceUnderLock	resumable-migration.mjs	now	3	local
resumable-migration.mjs	advanceUnderLock	resumable-migration.mjs	rawDecisionLedgerBytes	1	local
resumable-migration.mjs	advanceUnderLock	resumable-migration.mjs	rawDecisionLedgerDigest	1	local
resumable-migration.mjs	advanceUnderLock	resumable-migration.mjs	readState	1	local
resumable-migration.mjs	advanceUnderLock	resumable-migration.mjs	recoverPendingAdvance	1	local
resumable-migration.mjs	advanceUnderLock	resumable-migration.mjs	renderIntegrityNow	1	local
resumable-migration.mjs	advanceUnderLock	resumable-migration.mjs	renderState	1	local
resumable-migration.mjs	advanceUnderLock	resumable-migration.mjs	stampedFormatVersion	1	local
resumable-migration.mjs	advanceUnderLock	resumable-migration.mjs	statePathFor	1	local
resumable-migration.mjs	advanceUnderLock	resumable-migration.mjs	stepsFor	1	local
resumable-migration.mjs	advanceUnderLock	resumable-migration.mjs	usesCapabilityOwnership	2	local
resumable-migration.mjs	advanceUnderLock	resumable-migration.mjs	usesUiVerification	1	local
resumable-migration.mjs	advanceUnderLock	resumable-migration.mjs	validateCompletedHashes	1	local
resumable-migration.mjs	advanceUnderLock	resumable-migration.mjs	validateStep	1	local
resumable-migration.mjs	amendSliceUnderLock	migration-utils.mjs	atomicWrite	4	import
resumable-migration.mjs	amendSliceUnderLock	migration-utils.mjs	contentIdentity	1	import
resumable-migration.mjs	amendSliceUnderLock	module-lock.mjs	writeJournalAtomic	1	import
resumable-migration.mjs	amendSliceUnderLock	resumable-migration.mjs	ADVANCE_JOURNAL	1	local
resumable-migration.mjs	amendSliceUnderLock	resumable-migration.mjs	INTEGRITY_FILE	1	local
resumable-migration.mjs	amendSliceUnderLock	resumable-migration.mjs	activeArtifact	1	local
resumable-migration.mjs	amendSliceUnderLock	resumable-migration.mjs	appendHistoryOnce	1	local
resumable-migration.mjs	amendSliceUnderLock	resumable-migration.mjs	assertHistoryAppendable	1	local
resumable-migration.mjs	amendSliceUnderLock	resumable-migration.mjs	hashContent	1	local
resumable-migration.mjs	amendSliceUnderLock	resumable-migration.mjs	now	2	local
resumable-migration.mjs	amendSliceUnderLock	resumable-migration.mjs	renderIntegrityNow	1	local
resumable-migration.mjs	amendSliceUnderLock	resumable-migration.mjs	renderState	1	local
resumable-migration.mjs	amendSliceUnderLock	resumable-migration.mjs	sequenceAuthorizationEvidence	1	local
resumable-migration.mjs	amendSliceUnderLock	resumable-migration.mjs	sliceAmendmentFor	1	local
resumable-migration.mjs	anchoredReopenOwnership	migration-utils.mjs	headRevision	1	import
resumable-migration.mjs	anchoredReopenOwnership	resumable-migration.mjs	anchoredOwnershipCache	3	local
resumable-migration.mjs	anchoredReopenOwnership	resumable-migration.mjs	resolveAnchoredOwnership	1	local
resumable-migration.mjs	appendHistory	migration-utils.mjs	assertSecurePath	1	import
resumable-migration.mjs	appendHistory	resumable-migration.mjs	initialArtifacts	1	local
resumable-migration.mjs	appendHistory	resumable-migration.mjs	now	1	local
resumable-migration.mjs	appendHistoryOnce	resumable-migration.mjs	appendHistory	1	local
resumable-migration.mjs	appendHistoryOnce	resumable-migration.mjs	readAdvanceJournal	1	local
resumable-migration.mjs	appendHistoryOnce	resumable-migration.mjs	readHistoryEvents	1	local
resumable-migration.mjs	appendHistoryOnce	resumable-migration.mjs	readIntegrity	1	local
resumable-migration.mjs	appendHistoryOnce	resumable-migration.mjs	sealHistoryTail	1	local
resumable-migration.mjs	applicableDecisionOutcome	resumable-migration.mjs	DECISION_GROUP_KIND	1	local
resumable-migration.mjs	applicableDecisionOutcome	resumable-migration.mjs	DIRECT_LEDGER_DECISIONS_FORMAT	2	local
resumable-migration.mjs	applicableDecisionOutcome	resumable-migration.mjs	candidateDigestOf	1	local
resumable-migration.mjs	applicableDecisionOutcome	resumable-migration.mjs	decisionAppliesToCandidate	2	local
resumable-migration.mjs	applicableDecisionOutcome	resumable-migration.mjs	decisionPrincipalOf	2	local
resumable-migration.mjs	applicableDecisionOutcome	resumable-migration.mjs	principalSatisfiesRequirement	1	local
resumable-migration.mjs	artifactBindingFor	artifact/artifact-migration.mjs	artifactArgumentsFor	1	dynamic
resumable-migration.mjs	artifactBindingFor	artifact/artifact-migration.mjs	artifactCommandFor	1	dynamic
resumable-migration.mjs	artifactBindingFor	artifact/artifact-migration.mjs	artifactIdFor	1	dynamic
resumable-migration.mjs	artifactBindingFor	migration-utils.mjs	assertSafeName	1	import
resumable-migration.mjs	artifactBindingFor	migration-utils.mjs	assertSecurePath	1	import
resumable-migration.mjs	artifactBindingFor	resumable-migration.mjs	artifactEngine	1	local
resumable-migration.mjs	artifactBindingFor	resumable-migration.mjs	assertNonEmpty	3	local
resumable-migration.mjs	artifactBindingFor	resumable-migration.mjs	assertPlainObject	1	local
resumable-migration.mjs	artifactBindingFor	resumable-migration.mjs	fileExists	1	local
resumable-migration.mjs	artifactBindingFor	resumable-migration.mjs	legacyRelativePath	1	local
resumable-migration.mjs	artifactBindingFor	resumable-migration.mjs	targetRelativePath	2	local
resumable-migration.mjs	artifactPrerequisiteWork	artifact/artifact-migration.mjs	getArtifactStatus	1	dynamic
resumable-migration.mjs	artifactPrerequisiteWork	artifact/artifact-migration.mjs	validateArtifactComplete	1	dynamic
resumable-migration.mjs	artifactPrerequisiteWork	resumable-migration.mjs	artifactBindingFor	1	local
resumable-migration.mjs	artifactPrerequisiteWork	resumable-migration.mjs	artifactEngine	1	local
resumable-migration.mjs	artifactPrerequisiteWork	resumable-migration.mjs	artifactOptions	2	local
resumable-migration.mjs	artifactPrerequisiteWork	resumable-migration.mjs	migrationRoot	1	local
resumable-migration.mjs	artifactPrerequisiteWork	resumable-migration.mjs	usesArtifactDelegation	1	local
resumable-migration.mjs	artifactPrerequisiteWork	resumable-migration.mjs	validatePlan	1	local
resumable-migration.mjs	assertAdoptedTargetEvidence	resumable-migration.mjs	evidencePathClaim	1	local
resumable-migration.mjs	assertAdoptedTargetEvidence	resumable-migration.mjs	isWithin	1	local
resumable-migration.mjs	assertAdoptedTargetEvidence	resumable-migration.mjs	resolveEvidencePath	1	local
resumable-migration.mjs	assertAdoptedTargetEvidence	resumable-migration.mjs	targetFeatureDirectory	1	local
resumable-migration.mjs	assertArtifactPrerequisites	resumable-migration.mjs	artifactPrerequisiteWork	1	local
resumable-migration.mjs	assertBoundInputsUnchanged	migration-utils.mjs	dirtyManifest	2	import
resumable-migration.mjs	assertBoundInputsUnchanged	resumable-migration.mjs	TARGET_DIRTY_SCOPE	1	local
resumable-migration.mjs	assertBoundInputsUnchanged	resumable-migration.mjs	briefDigestFor	1	local
resumable-migration.mjs	assertBoundInputsUnchanged	resumable-migration.mjs	hashContent	1	local
resumable-migration.mjs	assertBoundInputsUnchanged	resumable-migration.mjs	portableRoot	2	local
resumable-migration.mjs	assertBriefUnchanged	resumable-migration.mjs	fileExists	1	local
resumable-migration.mjs	assertBriefUnchanged	resumable-migration.mjs	fileIdentityMatches	1	local
resumable-migration.mjs	assertCapabilityPlan	resumable-migration.mjs	NON_TERMINAL_CAPABILITIES	1	local
resumable-migration.mjs	assertCapabilityPlan	resumable-migration.mjs	assertArray	3	local
resumable-migration.mjs	assertCapabilityPlan	resumable-migration.mjs	assertEvidenceResolves	1	local
resumable-migration.mjs	assertCapabilityPlan	resumable-migration.mjs	usesCapabilityOwnership	1	local
resumable-migration.mjs	assertCommandResults	resumable-migration.mjs	assertArray	1	local
resumable-migration.mjs	assertCommandResults	resumable-migration.mjs	assertIsoTimestamp	1	local
resumable-migration.mjs	assertCommandResults	resumable-migration.mjs	assertNonEmpty	2	local
resumable-migration.mjs	assertCommandResults	resumable-migration.mjs	assertPlainObject	1	local
resumable-migration.mjs	assertCommandResults	resumable-migration.mjs	evidencePathClaim	1	local
resumable-migration.mjs	assertCommandResults	resumable-migration.mjs	fileIdentity	1	local
resumable-migration.mjs	assertCommandResults	resumable-migration.mjs	fileIdentityMatches	1	local
resumable-migration.mjs	assertCommandResults	resumable-migration.mjs	resolveEvidencePath	1	local
resumable-migration.mjs	assertCurrentOpenSpecAuthority	resumable-migration.mjs	contentIdentityMatchesSource	1	local
resumable-migration.mjs	assertCurrentOpenSpecAuthority	resumable-migration.mjs	loadOpenSpecAuthority	1	local
resumable-migration.mjs	assertCurrentOpenSpecAuthority	resumable-migration.mjs	validateOpenSpecAuthorityShape	1	local
resumable-migration.mjs	assertDecisionsAppendOnly	resumable-migration.mjs	AUTO_DECISIONS_FILE	1	local
resumable-migration.mjs	assertDecisionsAppendOnly	resumable-migration.mjs	fileExists	1	local
resumable-migration.mjs	assertDecisionsAppendOnly	resumable-migration.mjs	historyAnchorOf	1	local
resumable-migration.mjs	assertDesignSourceUnchanged	resumable-migration.mjs	figmaSourceKey	2	local
resumable-migration.mjs	assertDirectLedgerClassificationSchema	resumable-migration.mjs	DIRECT_LEDGER_DECISIONS_FORMAT	2	local
resumable-migration.mjs	assertDirectLedgerClassificationSchema	resumable-migration.mjs	LegacyCompatibilityActionRequired	1	local
resumable-migration.mjs	assertDirectLedgerClassificationSchema	resumable-migration.mjs	isPlainObject	1	local
resumable-migration.mjs	assertDirectLedgerClassificationSchema	resumable-migration.mjs	usesDirectLedgerDecisions	1	local
resumable-migration.mjs	assertDirectLedgerEligible	resumable-migration.mjs	DIRECT_LEDGER_DECISIONS_FORMAT	1	local
resumable-migration.mjs	assertDirectLedgerEligible	resumable-migration.mjs	DIRECT_LEDGER_PINNED_ARTIFACTS	1	local
resumable-migration.mjs	assertDirectLedgerEligible	resumable-migration.mjs	LegacyCompatibilityActionRequired	3	local
resumable-migration.mjs	assertDirectLedgerEligible	resumable-migration.mjs	REQUIRED_OBSERVATIONS_FORMAT	2	local
resumable-migration.mjs	assertDiscoveryCompletenessFormat	resumable-migration.mjs	DISCOVERY_COMPLETENESS_FORMAT	1	local
resumable-migration.mjs	assertDiscoveryCompletenessFormat	resumable-migration.mjs	usesDiscoveryCompleteness	1	local
resumable-migration.mjs	assertDiscoveryUnchanged	discovery-scan.mjs	runDiscoveryScan	1	dynamic
resumable-migration.mjs	assertDiscoveryUnchanged	resumable-migration.mjs	DISCOVERY_SCAN_FILE	1	local
resumable-migration.mjs	assertDiscoveryUnchanged	resumable-migration.mjs	assertRecordedScannerVersion	1	local
resumable-migration.mjs	assertDiscoveryUnchanged	resumable-migration.mjs	readJson	1	local
resumable-migration.mjs	assertDiscoveryUnchanged	resumable-migration.mjs	usesDiscoveryCompleteness	1	local
resumable-migration.mjs	assertEvidenceChecklist	resumable-migration.mjs	EVIDENCE_CATEGORIES	3	local
resumable-migration.mjs	assertEvidenceChecklist	resumable-migration.mjs	EVIDENCE_KINDS	2	local
resumable-migration.mjs	assertEvidenceChecklist	resumable-migration.mjs	EVIDENCE_STATUSES	2	local
resumable-migration.mjs	assertEvidenceChecklist	resumable-migration.mjs	assertArray	1	local
resumable-migration.mjs	assertEvidenceChecklist	resumable-migration.mjs	assertNonEmpty	1	local
resumable-migration.mjs	assertEvidenceChecklist	resumable-migration.mjs	assertOpenSpecIds	2	local
resumable-migration.mjs	assertEvidenceChecklist	resumable-migration.mjs	assertPlainObject	1	local
resumable-migration.mjs	assertEvidenceChecklist	resumable-migration.mjs	evidencePathClaim	1	local
resumable-migration.mjs	assertEvidenceChecklist	resumable-migration.mjs	resolveEvidencePath	1	local
resumable-migration.mjs	assertEvidenceEntry	migration-utils.mjs	isContentIdentity	1	import
resumable-migration.mjs	assertEvidenceEntry	resumable-migration.mjs	assertIsoTimestamp	1	local
resumable-migration.mjs	assertEvidenceEntry	resumable-migration.mjs	assertNonEmpty	10	local
resumable-migration.mjs	assertEvidenceEntry	resumable-migration.mjs	assertPlainObject	2	local
resumable-migration.mjs	assertEvidenceReference	resumable-migration.mjs	evidencePathClaim	1	local
resumable-migration.mjs	assertEvidenceReference	resumable-migration.mjs	fileIdentity	1	local
resumable-migration.mjs	assertEvidenceReference	resumable-migration.mjs	fileIdentityMatches	1	local
resumable-migration.mjs	assertEvidenceReference	resumable-migration.mjs	resolveEvidencePath	1	local
resumable-migration.mjs	assertEvidenceResolves	resumable-migration.mjs	evidencePathClaim	1	local
resumable-migration.mjs	assertEvidenceResolves	resumable-migration.mjs	resolveEvidencePath	1	local
resumable-migration.mjs	assertGatesCoverSliceScenarios	resumable-migration.mjs	readOptionalJson	1	local
resumable-migration.mjs	assertGatesCoverSliceScenarios	resumable-migration.mjs	usesSliceRework	1	local
resumable-migration.mjs	assertHistoryAppendOnly	resumable-migration.mjs	ANCHORED_FORMAT_VERSION	1	local
resumable-migration.mjs	assertHistoryAppendOnly	resumable-migration.mjs	assertUnanchoredHistoryTail	1	local
resumable-migration.mjs	assertHistoryAppendOnly	resumable-migration.mjs	fileExists	1	local
resumable-migration.mjs	assertHistoryAppendOnly	resumable-migration.mjs	historyAnchorOf	1	local
resumable-migration.mjs	assertHistoryAppendOnly	resumable-migration.mjs	initialArtifacts	1	local
resumable-migration.mjs	assertHistoryAppendable	migration-utils.mjs	assertSecurePath	1	import
resumable-migration.mjs	assertHistoryAppendable	resumable-migration.mjs	initialArtifacts	1	local
resumable-migration.mjs	assertIntegrityAnchor	resumable-migration.mjs	ANCHORED_FORMAT_VERSION	1	local
resumable-migration.mjs	assertIntegrityAnchor	resumable-migration.mjs	AUTO_DECISIONS_FILE	1	local
resumable-migration.mjs	assertIntegrityAnchor	resumable-migration.mjs	DECISIONS_FILE	1	local
resumable-migration.mjs	assertIntegrityAnchor	resumable-migration.mjs	assertDecisionsAppendOnly	2	local
resumable-migration.mjs	assertIntegrityAnchor	resumable-migration.mjs	assertHistoryAppendOnly	1	local
resumable-migration.mjs	assertIntegrityAnchor	resumable-migration.mjs	digestArtifactHashes	1	local
resumable-migration.mjs	assertIntegrityAnchor	resumable-migration.mjs	readAdvanceJournal	1	local
resumable-migration.mjs	assertIntegrityAnchor	resumable-migration.mjs	readIntegrity	1	local
resumable-migration.mjs	assertIntegrityAnchor	toolkit-identity.mjs	digestToolkitIdentity	1	import
resumable-migration.mjs	assertLateDecisionsAreAppendable	resumable-migration.mjs	DECISIONS_FILE	2	local
resumable-migration.mjs	assertLateDecisionsAreAppendable	resumable-migration.mjs	LATE_DECISION_KINDS	2	local
resumable-migration.mjs	assertLateDecisionsAreAppendable	resumable-migration.mjs	decisionKindAllowed	1	local
resumable-migration.mjs	assertLegacyDiscoveryChecklist	resumable-migration.mjs	UI_REMEDIATION_FILE	1	local
resumable-migration.mjs	assertLegacyDiscoveryChecklist	resumable-migration.mjs	assertArray	2	local
resumable-migration.mjs	assertLegacyDiscoveryChecklist	resumable-migration.mjs	assertEvidenceChecklist	3	local
resumable-migration.mjs	assertLegacyDiscoveryChecklist	resumable-migration.mjs	assertPlainObject	1	local
resumable-migration.mjs	assertLegacyDiscoveryChecklist	resumable-migration.mjs	initialArtifacts	1	local
resumable-migration.mjs	assertLegacyDiscoveryChecklist	resumable-migration.mjs	readJson	1	local
resumable-migration.mjs	assertLegacyDiscoveryChecklist	resumable-migration.mjs	readOptionalJson	1	local
resumable-migration.mjs	assertLegacyEvidenceAttributes	resumable-migration.mjs	evidencePathClaim	1	local
resumable-migration.mjs	assertLegacyEvidenceAttributes	resumable-migration.mjs	isWithin	1	local
resumable-migration.mjs	assertLegacyEvidenceAttributes	resumable-migration.mjs	legacySourcesOf	1	local
resumable-migration.mjs	assertLegacyEvidenceAttributes	resumable-migration.mjs	moduleRootPath	1	local
resumable-migration.mjs	assertLegacyEvidenceAttributes	resumable-migration.mjs	resolveEvidencePath	1	local
resumable-migration.mjs	assertLegacyEvidenceAttributes	resumable-migration.mjs	sourceOfEvidence	1	local
resumable-migration.mjs	assertLegacyEvidenceWithinBoundary	resumable-migration.mjs	evidencePathClaim	1	local
resumable-migration.mjs	assertLegacyEvidenceWithinBoundary	resumable-migration.mjs	isWithin	1	local
resumable-migration.mjs	assertLegacyEvidenceWithinBoundary	resumable-migration.mjs	resolveEvidencePath	1	local
resumable-migration.mjs	assertLegacyRevisionShape	resumable-migration.mjs	assertBoolean	1	local
resumable-migration.mjs	assertLegacyRevisionShape	resumable-migration.mjs	assertPlainObject	1	local
resumable-migration.mjs	assertLegacySourcesUnchanged	resumable-migration.mjs	legacySourcesOf	1	local
resumable-migration.mjs	assertNoNavigationRepairNeeded	resumable-migration.mjs	inspectSliceArtifacts	1	local
resumable-migration.mjs	assertNoNavigationRepairNeeded	resumable-migration.mjs	usesSliceRework	1	local
resumable-migration.mjs	assertNoPendingFormatUpgrade	format-upgrade.mjs	nextIncrement	1	import
resumable-migration.mjs	assertNoPendingFormatUpgrade	format-upgrade.mjs	upgradeIsActive	1	import
resumable-migration.mjs	assertNoPendingFormatUpgrade	resumable-migration.mjs	FORMAT_UPGRADERS	1	local
resumable-migration.mjs	assertNoPendingFormatUpgrade	resumable-migration.mjs	FORMAT_UPGRADE_FLOOR	1	local
resumable-migration.mjs	assertNoPendingFormatUpgrade	resumable-migration.mjs	MIGRATION_FORMAT_VERSION	1	local
resumable-migration.mjs	assertNoPendingFormatUpgrade	resumable-migration.mjs	REQUIRED_OBSERVATIONS_FORMAT	1	local
resumable-migration.mjs	assertNoUiSecret	resumable-migration.mjs	UI_SECRET_KEY_PATTERN	1	local
resumable-migration.mjs	assertNoUiSecret	resumable-migration.mjs	UI_SECRET_VALUE_PATTERN	1	local
resumable-migration.mjs	assertNoUiSecret	resumable-migration.mjs	isPlainObject	1	local
resumable-migration.mjs	assertNoUnclaimedTargetDrift	engine-paths.mjs	engineCommand	1	import
resumable-migration.mjs	assertNoUnclaimedTargetDrift	resumable-migration.mjs	classifyTargetDrift	1	local
resumable-migration.mjs	assertNoUnclaimedTargetDrift	resumable-migration.mjs	unclaimedTargetDrift	1	local
resumable-migration.mjs	assertNoUnresolvedVerification	resumable-migration.mjs	REWORK_ROOT	1	local
resumable-migration.mjs	assertNoUnresolvedVerification	resumable-migration.mjs	readOptionalJson	2	local
resumable-migration.mjs	assertNoUnresolvedVerification	resumable-migration.mjs	reworkAttemptsOf	1	local
resumable-migration.mjs	assertNoUnresolvedVerification	resumable-migration.mjs	usesSliceRework	1	local
resumable-migration.mjs	assertOpenSpecIds	resumable-migration.mjs	assertArray	1	local
resumable-migration.mjs	assertPlainObject	resumable-migration.mjs	isPlainObject	1	local
resumable-migration.mjs	assertPostAnchorEvidence	migration-utils.mjs	commitsTouchingSince	1	import
resumable-migration.mjs	assertPostAnchorEvidence	resumable-migration.mjs	anchoredReopenOwnership	1	local
resumable-migration.mjs	assertRecordToolkitIdentity	resumable-migration.mjs	toolkitAdoptCommand	1	local
resumable-migration.mjs	assertRecordToolkitIdentity	toolkit-identity.mjs	activeToolkitIdentity	1	import
resumable-migration.mjs	assertRecordToolkitIdentity	toolkit-identity.mjs	toolkitIdentityBlocker	1	import
resumable-migration.mjs	assertRecordedScannerVersion	discovery-scan.mjs	DiscoveryScannerVersionError	3	import
resumable-migration.mjs	assertRecordedScannerVersion	discovery-scan.mjs	SUPPORTED_ALGORITHM_VERSIONS	2	import
resumable-migration.mjs	assertRecovered	resumable-migration.mjs	assertIntegrityAnchor	1	local
resumable-migration.mjs	assertRecovered	resumable-migration.mjs	assertStateGraph	1	local
resumable-migration.mjs	assertRequiredObservations	resumable-migration.mjs	OBSERVATION_EXPECTED	2	local
resumable-migration.mjs	assertRequiredObservations	resumable-migration.mjs	OBSERVATION_FIELDS	1	local
resumable-migration.mjs	assertRequiredObservations	resumable-migration.mjs	REQUIRED_OBSERVATIONS_FORMAT	1	local
resumable-migration.mjs	assertRequiredObservations	resumable-migration.mjs	assertArray	1	local
resumable-migration.mjs	assertRequiredObservations	resumable-migration.mjs	assertNonEmpty	3	local
resumable-migration.mjs	assertRequiredObservations	resumable-migration.mjs	assertPlainObject	1	local
resumable-migration.mjs	assertSliceStateConsistent	resumable-migration.mjs	reconcileSliceState	1	local
resumable-migration.mjs	assertSourcedModuleRoots	resumable-migration.mjs	assertNonEmpty	1	local
resumable-migration.mjs	assertSourcedModuleRoots	resumable-migration.mjs	legacySourcesOf	1	local
resumable-migration.mjs	assertSourcedModuleRoots	resumable-migration.mjs	moduleRootPath	2	local
resumable-migration.mjs	assertSourcedModuleRoots	resumable-migration.mjs	moduleRootSource	2	local
resumable-migration.mjs	assertSourcedModuleRoots	resumable-migration.mjs	usesSourceAttribution	1	local
resumable-migration.mjs	assertStateGraph	resumable-migration.mjs	ANCHORED_FORMAT_VERSION	1	local
resumable-migration.mjs	assertStateGraph	resumable-migration.mjs	BASELINE_ROWS_PIN	1	local
resumable-migration.mjs	assertStateGraph	resumable-migration.mjs	CAPABILITY_OWNERSHIP_FILE	1	local
resumable-migration.mjs	assertStateGraph	resumable-migration.mjs	IMMUTABLE_STEP_ARTIFACTS	5	local
resumable-migration.mjs	assertStateGraph	resumable-migration.mjs	UI_REMEDIATION_FILE	3	local
resumable-migration.mjs	assertStateGraph	resumable-migration.mjs	VISUAL_ACCEPTANCE_FILE	1	local
resumable-migration.mjs	assertStateGraph	resumable-migration.mjs	isUiObservationsAdoption	2	local
resumable-migration.mjs	assertStateGraph	resumable-migration.mjs	pinsAuthorityContext	1	local
resumable-migration.mjs	assertStateGraph	resumable-migration.mjs	readAdvanceJournal	1	local
resumable-migration.mjs	assertStateGraph	resumable-migration.mjs	readHistoryEvents	1	local
resumable-migration.mjs	assertStateGraph	resumable-migration.mjs	readIntegrity	1	local
resumable-migration.mjs	assertStateGraph	resumable-migration.mjs	resolveStepPins	2	local
resumable-migration.mjs	assertStateGraph	resumable-migration.mjs	stepsFor	1	local
resumable-migration.mjs	assertStateGraph	resumable-migration.mjs	usesCapabilityOwnership	1	local
resumable-migration.mjs	assertStateGraph	resumable-migration.mjs	usesVisualContract	1	local
resumable-migration.mjs	assertStateGraph	toolkit-identity.mjs	TOOLKIT_IDENTITY_EVENTS	1	import
resumable-migration.mjs	assertStateGraph	toolkit-identity.mjs	renderToolkitIdentity	2	import
resumable-migration.mjs	assertStateGraph	toolkit-identity.mjs	toolkitIdentityKey	4	import
resumable-migration.mjs	assertStateGraph	toolkit-identity.mjs	validateToolkitIdentity	2	import
resumable-migration.mjs	assertStepDocumentComplete	resumable-migration.mjs	STEP_FILES	1	local
resumable-migration.mjs	assertTargetAssessmentChecklist	resumable-migration.mjs	assertEvidenceChecklist	1	local
resumable-migration.mjs	assertTargetAssessmentChecklist	resumable-migration.mjs	assertPlainObject	1	local
resumable-migration.mjs	assertTargetAssessmentChecklist	resumable-migration.mjs	initialArtifacts	1	local
resumable-migration.mjs	assertTargetAssessmentChecklist	resumable-migration.mjs	readJson	1	local
resumable-migration.mjs	assertTargetEvidencePath	resumable-migration.mjs	LEGACY_RUNTIME_EVIDENCE_ROOT	3	local
resumable-migration.mjs	assertToolkitIdentityNotMismatched	toolkit-identity.mjs	activeToolkitIdentity	1	import
resumable-migration.mjs	assertToolkitIdentityNotMismatched	toolkit-identity.mjs	toolkitIdentityBlocker	1	import
resumable-migration.mjs	assertUniqueIds	resumable-migration.mjs	assertNonEmpty	1	local
resumable-migration.mjs	assertUniqueIds	resumable-migration.mjs	assertPlainObject	1	local
resumable-migration.mjs	assertVisualAcceptance	resumable-migration.mjs	VISUAL_ACCEPTANCE_FILE	1	local
resumable-migration.mjs	assertVisualAcceptance	resumable-migration.mjs	assertEvidenceReference	1	local
resumable-migration.mjs	assertVisualAcceptance	resumable-migration.mjs	assertPlainObject	1	local
resumable-migration.mjs	assertVisualAcceptance	resumable-migration.mjs	assertTargetEvidencePath	1	local
resumable-migration.mjs	assertVisualAcceptance	resumable-migration.mjs	compareVisualFact	2	local
resumable-migration.mjs	assertVisualAcceptance	resumable-migration.mjs	evidencePathClaim	1	local
resumable-migration.mjs	assertVisualAcceptance	resumable-migration.mjs	frameKeyOf	2	local
resumable-migration.mjs	assertVisualAcceptance	resumable-migration.mjs	isPlainObject	3	local
resumable-migration.mjs	assertVisualAcceptance	resumable-migration.mjs	resolveEvidencePath	1	local
resumable-migration.mjs	assertVisualAcceptance	visual-evidence.mjs	compareStructuredTarget	1	import
resumable-migration.mjs	assertVisualCaptureBlock	resumable-migration.mjs	isPlainObject	2	local
resumable-migration.mjs	assertVisualCaptureBlock	visual-evidence.mjs	assertStructuredCaptureScale	1	import
resumable-migration.mjs	attestedLineProblem	resumable-migration.mjs	decisionLineProblem	1	local
resumable-migration.mjs	authoringRequest	resumable-migration.mjs	STEP_DEPENDENCIES	1	local
resumable-migration.mjs	authoringRequest	resumable-migration.mjs	activeArtifact	1	local
resumable-migration.mjs	authoringRequest	resumable-migration.mjs	checkpointAction	1	local
resumable-migration.mjs	authoringRequest	resumable-migration.mjs	checkpointArtifacts	1	local
resumable-migration.mjs	authoringRequest	resumable-migration.mjs	expectedNextCheckpoint	1	local
resumable-migration.mjs	authoringRequest	resumable-migration.mjs	stepsFor	1	local
resumable-migration.mjs	autoAdoptToolkitIdentity	resumable-migration.mjs	changeModuleToolkitIdentity	1	local
resumable-migration.mjs	autoAdoptToolkitIdentity	resumable-migration.mjs	isAutoAuthority	1	local
resumable-migration.mjs	autoAdoptToolkitIdentity	resumable-migration.mjs	readContext	1	local
resumable-migration.mjs	autoAdoptToolkitIdentity	resumable-migration.mjs	readState	1	local
resumable-migration.mjs	autoAdoptToolkitIdentity	toolkit-identity.mjs	activeToolkitIdentity	1	import
resumable-migration.mjs	autoAdoptToolkitIdentity	toolkit-identity.mjs	autoAdoptableToolkitTransition	1	import
resumable-migration.mjs	autoDecisionsAnchorNow	resumable-migration.mjs	AUTO_DECISIONS_FILE	1	local
resumable-migration.mjs	autoDecisionsAnchorNow	resumable-migration.mjs	fileExists	1	local
resumable-migration.mjs	autoDecisionsAnchorNow	resumable-migration.mjs	historyAnchorOf	1	local
resumable-migration.mjs	bootstrapMigration	migration-utils.mjs	assertNoPendingTransaction	1	import
resumable-migration.mjs	bootstrapMigration	migration-utils.mjs	assertPonytailTarget	1	import
resumable-migration.mjs	bootstrapMigration	module-lock.mjs	withModuleLock	1	import
resumable-migration.mjs	bootstrapMigration	resumable-migration.mjs	assertExecutionConfirmation	1	local
resumable-migration.mjs	bootstrapMigration	resumable-migration.mjs	bootstrapUnderLock	1	local
resumable-migration.mjs	bootstrapMigration	resumable-migration.mjs	previewMigrationExecution	1	local
resumable-migration.mjs	bootstrapMigration	resumable-migration.mjs	readContext	1	local
resumable-migration.mjs	bootstrapUnderLock	migration-utils.mjs	assertNoPendingTransaction	1	import
resumable-migration.mjs	bootstrapUnderLock	migration-utils.mjs	atomicWrite	3	import
resumable-migration.mjs	bootstrapUnderLock	migration-utils.mjs	contentIdentity	5	import
resumable-migration.mjs	bootstrapUnderLock	migration-utils.mjs	gitRevision	2	import
resumable-migration.mjs	bootstrapUnderLock	migration-utils.mjs	persistProjectRegistryBinding	1	import
resumable-migration.mjs	bootstrapUnderLock	migration-utils.mjs	previewProjectRegistryBinding	1	import
resumable-migration.mjs	bootstrapUnderLock	migration-utils.mjs	registryIdentity	1	import
resumable-migration.mjs	bootstrapUnderLock	migration-utils.mjs	resolveDesignSource	1	import
resumable-migration.mjs	bootstrapUnderLock	module-lock.mjs	writeJournalAtomic	1	import
resumable-migration.mjs	bootstrapUnderLock	resumable-migration.mjs	ADVANCE_JOURNAL	2	local
resumable-migration.mjs	bootstrapUnderLock	resumable-migration.mjs	FORMAT_ACTIVE_FOR_NEW_MIGRATIONS	1	local
resumable-migration.mjs	bootstrapUnderLock	resumable-migration.mjs	INTEGRITY_FILE	2	local
resumable-migration.mjs	bootstrapUnderLock	resumable-migration.mjs	LEGACY_REVISION_LINE	1	local
resumable-migration.mjs	bootstrapUnderLock	resumable-migration.mjs	LEGACY_REVISION_SCOPE_LINE	1	local
resumable-migration.mjs	bootstrapUnderLock	resumable-migration.mjs	MIGRATION_STEPS	1	local
resumable-migration.mjs	bootstrapUnderLock	resumable-migration.mjs	RESUMABLE_CONTRACT_VERSION	1	local
resumable-migration.mjs	bootstrapUnderLock	resumable-migration.mjs	STEP_FILES	8	local
resumable-migration.mjs	bootstrapUnderLock	resumable-migration.mjs	TARGET_BASELINE_FILE	7	local
resumable-migration.mjs	bootstrapUnderLock	resumable-migration.mjs	WORKFLOW_VERSION	1	local
resumable-migration.mjs	bootstrapUnderLock	resumable-migration.mjs	activeArtifact	3	local
resumable-migration.mjs	bootstrapUnderLock	resumable-migration.mjs	adoptVisualContractUnderLock	1	local
resumable-migration.mjs	bootstrapUnderLock	resumable-migration.mjs	amendSliceUnderLock	1	local
resumable-migration.mjs	bootstrapUnderLock	resumable-migration.mjs	appendHistoryOnce	1	local
resumable-migration.mjs	bootstrapUnderLock	resumable-migration.mjs	assertBoundInputsUnchanged	1	local
resumable-migration.mjs	bootstrapUnderLock	resumable-migration.mjs	assertCurrentOpenSpecAuthority	1	local
resumable-migration.mjs	bootstrapUnderLock	resumable-migration.mjs	assertDesignSourceUnchanged	1	local
resumable-migration.mjs	bootstrapUnderLock	resumable-migration.mjs	assertHistoryAppendable	1	local
resumable-migration.mjs	bootstrapUnderLock	resumable-migration.mjs	assertLegacySourcesUnchanged	1	local
resumable-migration.mjs	bootstrapUnderLock	resumable-migration.mjs	assertNoPendingFormatUpgrade	1	local
resumable-migration.mjs	bootstrapUnderLock	resumable-migration.mjs	assertRecordToolkitIdentity	1	local
resumable-migration.mjs	bootstrapUnderLock	resumable-migration.mjs	assertSliceStateConsistent	1	local
resumable-migration.mjs	bootstrapUnderLock	resumable-migration.mjs	brownfieldTargetBlocker	1	local
resumable-migration.mjs	bootstrapUnderLock	resumable-migration.mjs	commitInitialization	1	local
resumable-migration.mjs	bootstrapUnderLock	resumable-migration.mjs	createResolveStep	1	local
resumable-migration.mjs	bootstrapUnderLock	resumable-migration.mjs	designSourceExplicit	1	local
resumable-migration.mjs	bootstrapUnderLock	resumable-migration.mjs	fileExists	2	local
resumable-migration.mjs	bootstrapUnderLock	resumable-migration.mjs	hashHistoryEvent	1	local
resumable-migration.mjs	bootstrapUnderLock	resumable-migration.mjs	historyAnchorOf	2	local
resumable-migration.mjs	bootstrapUnderLock	resumable-migration.mjs	initialArtifacts	2	local
resumable-migration.mjs	bootstrapUnderLock	resumable-migration.mjs	initialJsonArtifacts	1	local
resumable-migration.mjs	bootstrapUnderLock	resumable-migration.mjs	isAutoAuthority	1	local
resumable-migration.mjs	bootstrapUnderLock	resumable-migration.mjs	isBrownfield	1	local
resumable-migration.mjs	bootstrapUnderLock	resumable-migration.mjs	isWithin	1	local
resumable-migration.mjs	bootstrapUnderLock	resumable-migration.mjs	legacyChecklistBlocker	1	local
resumable-migration.mjs	bootstrapUnderLock	resumable-migration.mjs	loadOpenSpecAuthority	1	local
resumable-migration.mjs	bootstrapUnderLock	resumable-migration.mjs	migrationRoot	1	local
resumable-migration.mjs	bootstrapUnderLock	resumable-migration.mjs	now	3	local
resumable-migration.mjs	bootstrapUnderLock	resumable-migration.mjs	readState	1	local
resumable-migration.mjs	bootstrapUnderLock	resumable-migration.mjs	recoverInitialization	1	local
resumable-migration.mjs	bootstrapUnderLock	resumable-migration.mjs	recoverPendingAdvance	1	local
resumable-migration.mjs	bootstrapUnderLock	resumable-migration.mjs	renderIntegrity	1	local
resumable-migration.mjs	bootstrapUnderLock	resumable-migration.mjs	renderIntegrityNow	1	local
resumable-migration.mjs	bootstrapUnderLock	resumable-migration.mjs	renderState	2	local
resumable-migration.mjs	bootstrapUnderLock	resumable-migration.mjs	renderTargetBaseline	1	local
resumable-migration.mjs	bootstrapUnderLock	resumable-migration.mjs	reopenCompleteUnderLock	1	local
resumable-migration.mjs	bootstrapUnderLock	resumable-migration.mjs	reopenDiscoveryUnderLock	1	local
resumable-migration.mjs	bootstrapUnderLock	resumable-migration.mjs	reopenUiUnderLock	1	local
resumable-migration.mjs	bootstrapUnderLock	resumable-migration.mjs	resumeGuidance	1	local
resumable-migration.mjs	bootstrapUnderLock	resumable-migration.mjs	reworkPathParts	1	local
resumable-migration.mjs	bootstrapUnderLock	resumable-migration.mjs	reworkSliceUnderLock	1	local
resumable-migration.mjs	bootstrapUnderLock	resumable-migration.mjs	stampedFormatVersion	1	local
resumable-migration.mjs	bootstrapUnderLock	resumable-migration.mjs	stateMappingMismatch	1	local
resumable-migration.mjs	bootstrapUnderLock	resumable-migration.mjs	statePathFor	1	local
resumable-migration.mjs	bootstrapUnderLock	resumable-migration.mjs	stepTemplates	1	local
resumable-migration.mjs	bootstrapUnderLock	resumable-migration.mjs	stepsFor	1	local
resumable-migration.mjs	bootstrapUnderLock	resumable-migration.mjs	validateCompletedHashes	1	local
resumable-migration.mjs	bootstrapUnderLock	resumable-migration.mjs	validateOpenSpecProposal	1	local
resumable-migration.mjs	bootstrapUnderLock	toolkit-identity.mjs	activeToolkitIdentity	4	import
resumable-migration.mjs	brandSequenceAuthorization	resumable-migration.mjs	SEQUENCE_AUTHORIZATION	1	local
resumable-migration.mjs	briefDigestFor	resumable-migration.mjs	hashContent	1	local
resumable-migration.mjs	briefDigestFor	resumable-migration.mjs	isWithin	1	local
resumable-migration.mjs	brownfieldTargetBlocker	resumable-migration.mjs	fileExists	1	local
resumable-migration.mjs	brownfieldTargetBlocker	resumable-migration.mjs	targetFeatureDirectory	1	local
resumable-migration.mjs	candidateDigestOf	resumable-migration.mjs	candidateHash	1	local
resumable-migration.mjs	canonicalClaim	resumable-migration.mjs	resolveChangedFile	1	local
resumable-migration.mjs	canonicalClaim	resumable-migration.mjs	targetRelative	1	local
resumable-migration.mjs	canonicalHistoryJson	resumable-migration.mjs	isPlainObject	1	local
resumable-migration.mjs	canonicalHistoryJson	resumable-migration.mjs	keyOrder	1	local
resumable-migration.mjs	changeModuleToolkitIdentity	migration-utils.mjs	atomicWrite	2	import
resumable-migration.mjs	changeModuleToolkitIdentity	module-lock.mjs	withModuleLock	1	import
resumable-migration.mjs	changeModuleToolkitIdentity	module-lock.mjs	writeJournalAtomic	1	import
resumable-migration.mjs	changeModuleToolkitIdentity	resumable-migration.mjs	ADVANCE_JOURNAL	1	local
resumable-migration.mjs	changeModuleToolkitIdentity	resumable-migration.mjs	INTEGRITY_FILE	1	local
resumable-migration.mjs	changeModuleToolkitIdentity	resumable-migration.mjs	appendHistoryOnce	1	local
resumable-migration.mjs	changeModuleToolkitIdentity	resumable-migration.mjs	assertHistoryAppendable	1	local
resumable-migration.mjs	changeModuleToolkitIdentity	resumable-migration.mjs	migrationRoot	1	local
resumable-migration.mjs	changeModuleToolkitIdentity	resumable-migration.mjs	now	1	local
resumable-migration.mjs	changeModuleToolkitIdentity	resumable-migration.mjs	readContext	1	local
resumable-migration.mjs	changeModuleToolkitIdentity	resumable-migration.mjs	readState	1	local
resumable-migration.mjs	changeModuleToolkitIdentity	resumable-migration.mjs	recoverPendingAdvance	1	local
resumable-migration.mjs	changeModuleToolkitIdentity	resumable-migration.mjs	renderIntegrityNow	1	local
resumable-migration.mjs	changeModuleToolkitIdentity	resumable-migration.mjs	renderState	1	local
resumable-migration.mjs	changeModuleToolkitIdentity	resumable-migration.mjs	statePathFor	1	local
resumable-migration.mjs	changeModuleToolkitIdentity	toolkit-identity.mjs	activeToolkitIdentity	1	import
resumable-migration.mjs	changeModuleToolkitIdentity	toolkit-identity.mjs	renderToolkitIdentity	2	import
resumable-migration.mjs	changeModuleToolkitIdentity	toolkit-identity.mjs	sameToolkitIdentity	2	import
resumable-migration.mjs	checkpointArtifacts	resumable-migration.mjs	STEP_DEPENDENCIES	1	local
resumable-migration.mjs	claimedTargetPaths	resumable-migration.mjs	canonicalClaim	1	local
resumable-migration.mjs	claimedTargetPaths	resumable-migration.mjs	readOptionalJson	1	local
resumable-migration.mjs	classifyTargetDrift	migration-utils.mjs	dirtyManifest	1	import
resumable-migration.mjs	classifyTargetDrift	resumable-migration.mjs	DISCOVERY_SCAN_FILE	1	local
resumable-migration.mjs	classifyTargetDrift	resumable-migration.mjs	DRIFT_CLASSES	7	local
resumable-migration.mjs	classifyTargetDrift	resumable-migration.mjs	DRIFT_OWNERSHIP_STEPS	1	local
resumable-migration.mjs	classifyTargetDrift	resumable-migration.mjs	TARGET_DIRTY_SCOPE	1	local
resumable-migration.mjs	classifyTargetDrift	resumable-migration.mjs	UNDERIVABLE_OWNERSHIP_REASON	2	local
resumable-migration.mjs	classifyTargetDrift	resumable-migration.mjs	claimedTargetPaths	1	local
resumable-migration.mjs	classifyTargetDrift	resumable-migration.mjs	hashFile	1	local
resumable-migration.mjs	classifyTargetDrift	resumable-migration.mjs	legacySourceBinding	1	local
resumable-migration.mjs	classifyTargetDrift	resumable-migration.mjs	moduleDecisionCandidate	1	local
resumable-migration.mjs	classifyTargetDrift	resumable-migration.mjs	plannedTargetOwners	2	local
resumable-migration.mjs	classifyTargetDrift	resumable-migration.mjs	readOptionalJson	1	local
resumable-migration.mjs	classifyTargetDrift	resumable-migration.mjs	readRecordedDecisions	1	local
resumable-migration.mjs	classifyTargetDrift	resumable-migration.mjs	readTargetBaseline	1	local
resumable-migration.mjs	classifyTargetDrift	resumable-migration.mjs	requireModuleDecision	1	local
resumable-migration.mjs	classifyTargetDrift	resumable-migration.mjs	reworkAttemptsOf	1	local
resumable-migration.mjs	classifyTargetDrift	resumable-migration.mjs	targetBaselineDrift	1	local
resumable-migration.mjs	classifyTargetDrift	resumable-migration.mjs	usesDirectLedgerDecisions	3	local
resumable-migration.mjs	classifyTargetDrift	resumable-migration.mjs	usesSliceRework	1	local
resumable-migration.mjs	classifyTargetDrift	resumable-migration.mjs	withinPlannedScope	2	local
resumable-migration.mjs	cleanupInitialization	resumable-migration.mjs	ownerMatches	1	local
resumable-migration.mjs	combinedUiAdoptionPlan	resumable-migration.mjs	hashContent	1	local
resumable-migration.mjs	combinedUiAdoptionPlan	resumable-migration.mjs	uiObservationsAdoptionPlan	1	local
resumable-migration.mjs	combinedUiAdoptionPlan	resumable-migration.mjs	usesVisualAcceptance	1	local
resumable-migration.mjs	combinedUiAdoptionPlan	resumable-migration.mjs	visualContractAdoptionPlan	1	local
resumable-migration.mjs	commitFormatUpgrade	resumable-migration.mjs	FORMAT_UPGRADERS	1	local
resumable-migration.mjs	commitFormatUpgrade	resumable-migration.mjs	commitNoOpFormatUpgrade	1	local
resumable-migration.mjs	commitFormatUpgrade	resumable-migration.mjs	migrationRoot	1	local
resumable-migration.mjs	commitFormatUpgrade	resumable-migration.mjs	pendingFormatUpgrade	1	local
resumable-migration.mjs	commitFormatUpgrade	resumable-migration.mjs	readContext	1	local
resumable-migration.mjs	commitFormatUpgrade	resumable-migration.mjs	readState	1	local
resumable-migration.mjs	commitInitialization	migration-utils.mjs	assertSecurePath	3	import
resumable-migration.mjs	commitInitialization	migration-utils.mjs	atomicWrite	3	import
resumable-migration.mjs	commitInitialization	module-lock.mjs	writeJournalAtomic	1	import
resumable-migration.mjs	commitInitialization	resumable-migration.mjs	cleanupInitialization	1	local
resumable-migration.mjs	commitInitialization	resumable-migration.mjs	fileExists	4	local
resumable-migration.mjs	commitInitialization	resumable-migration.mjs	initJournalFor	1	local
resumable-migration.mjs	commitInitialization	resumable-migration.mjs	now	1	local
resumable-migration.mjs	commitInitialization	resumable-migration.mjs	rollbackInitialization	1	local
resumable-migration.mjs	commitInitialization	resumable-migration.mjs	writeOwner	1	local
resumable-migration.mjs	commitNoOpFormatUpgrade	migration-utils.mjs	atomicWrite	2	import
resumable-migration.mjs	commitNoOpFormatUpgrade	module-lock.mjs	withModuleLock	1	import
resumable-migration.mjs	commitNoOpFormatUpgrade	module-lock.mjs	writeJournalAtomic	1	import
resumable-migration.mjs	commitNoOpFormatUpgrade	resumable-migration.mjs	ADVANCE_JOURNAL	1	local
resumable-migration.mjs	commitNoOpFormatUpgrade	resumable-migration.mjs	INTEGRITY_FILE	1	local
resumable-migration.mjs	commitNoOpFormatUpgrade	resumable-migration.mjs	appendHistoryOnce	1	local
resumable-migration.mjs	commitNoOpFormatUpgrade	resumable-migration.mjs	assertHistoryAppendable	1	local
resumable-migration.mjs	commitNoOpFormatUpgrade	resumable-migration.mjs	assertRecordToolkitIdentity	1	local
resumable-migration.mjs	commitNoOpFormatUpgrade	resumable-migration.mjs	fileExists	1	local
resumable-migration.mjs	commitNoOpFormatUpgrade	resumable-migration.mjs	hashContent	2	local
resumable-migration.mjs	commitNoOpFormatUpgrade	resumable-migration.mjs	migrationRoot	1	local
resumable-migration.mjs	commitNoOpFormatUpgrade	resumable-migration.mjs	now	1	local
resumable-migration.mjs	commitNoOpFormatUpgrade	resumable-migration.mjs	pendingFormatUpgrade	1	local
resumable-migration.mjs	commitNoOpFormatUpgrade	resumable-migration.mjs	readContext	1	local
resumable-migration.mjs	commitNoOpFormatUpgrade	resumable-migration.mjs	readState	1	local
resumable-migration.mjs	commitNoOpFormatUpgrade	resumable-migration.mjs	recoverPendingAdvance	1	local
resumable-migration.mjs	commitNoOpFormatUpgrade	resumable-migration.mjs	renderIntegrityNow	1	local
resumable-migration.mjs	commitNoOpFormatUpgrade	resumable-migration.mjs	renderState	4	local
resumable-migration.mjs	commitNoOpFormatUpgrade	resumable-migration.mjs	statePathFor	1	local
resumable-migration.mjs	commonAncestor	resumable-migration.mjs	isWithin	1	local
resumable-migration.mjs	compareVisualEvidence	resumable-migration.mjs	PROVISIONAL_VISUAL_DIFF_THRESHOLDS	1	local
resumable-migration.mjs	compareVisualEvidence	resumable-migration.mjs	assertVisualCaptureBlock	2	local
resumable-migration.mjs	compareVisualEvidence	visual-evidence.mjs	decodePng	1	import
resumable-migration.mjs	compareVisualEvidence	visual-evidence.mjs	perceptualDelta	1	import
resumable-migration.mjs	compareVisualEvidence	visual-evidence.mjs	structuralDelta	1	import
resumable-migration.mjs	compareVisualEvidence	visual-evidence.mjs	structuredCapabilityProfile	1	import
resumable-migration.mjs	compareVisualFact	visual-evidence.mjs	normalizeVisualValue	1	import
resumable-migration.mjs	compatibilityBlocker	resumable-migration.mjs	MIGRATION_FORMAT_SUPPORTED	2	local
resumable-migration.mjs	compatibilityBlocker	resumable-migration.mjs	RESUMABLE_CONTRACT_VERSION	4	local
resumable-migration.mjs	compatibilityBlocker	resumable-migration.mjs	UPGRADABLE_CONTRACT_VERSION	2	local
resumable-migration.mjs	compatibilityBlocker	resumable-migration.mjs	UPGRADABLE_FORMAT_VERSION	2	local
resumable-migration.mjs	compatibilityBlocker	resumable-migration.mjs	formatIsSupported	1	local
resumable-migration.mjs	compatibilityBlocker	resumable-migration.mjs	upgradeCommandFor	1	local
resumable-migration.mjs	completedArtifactHashes	resumable-migration.mjs	CAPABILITY_OWNERSHIP_FILE	1	local
resumable-migration.mjs	completedArtifactHashes	resumable-migration.mjs	IMMUTABLE_STEP_ARTIFACTS	1	local
resumable-migration.mjs	completedArtifactHashes	resumable-migration.mjs	TARGET_BASELINE_FILE	1	local
resumable-migration.mjs	completedArtifactHashes	resumable-migration.mjs	VISUAL_ACCEPTANCE_FILE	1	local
resumable-migration.mjs	completedArtifactHashes	resumable-migration.mjs	hashPinnedArtifact	1	local
resumable-migration.mjs	completedArtifactHashes	resumable-migration.mjs	isBrownfield	1	local
resumable-migration.mjs	completedArtifactHashes	resumable-migration.mjs	pinsAuthorityContext	1	local
resumable-migration.mjs	completedArtifactHashes	resumable-migration.mjs	usesCapabilityOwnership	1	local
resumable-migration.mjs	completedArtifactHashes	resumable-migration.mjs	usesVisualContract	1	local
resumable-migration.mjs	completedSlicesLackingUiProofV1	resumable-migration.mjs	sliceLacksUiProofV1	1	local
resumable-migration.mjs	consumedDecisionIdentity	resumable-migration.mjs	candidateDigestOf	1	local
resumable-migration.mjs	consumedDecisionIdentity	resumable-migration.mjs	decisionLineDigest	1	local
resumable-migration.mjs	consumedDecisionIdentity	resumable-migration.mjs	decisionPrincipalOf	1	local
resumable-migration.mjs	contentIdentityMatchesSource	resumable-migration.mjs	fileIdentityMatches	1	local
resumable-migration.mjs	contentIdentityMatchesSource	resumable-migration.mjs	isWithin	1	local
resumable-migration.mjs	createDecisionCandidate	resumable-migration.mjs	candidateHash	1	local
resumable-migration.mjs	createDecisionCandidate	resumable-migration.mjs	decisionRationaleDigest	1	local
resumable-migration.mjs	createNewFormatDecisionCandidate	resumable-migration.mjs	candidateHash	1	local
resumable-migration.mjs	createNewFormatDecisionCandidate	resumable-migration.mjs	createDecisionCandidate	1	local
resumable-migration.mjs	createNewFormatDecisionCandidate	resumable-migration.mjs	resolveRequiredPrincipal	1	local
resumable-migration.mjs	createNewFormatDecisionGroup	resumable-migration.mjs	createNewFormatDecisionCandidate	1	local
resumable-migration.mjs	createNewFormatDecisionGroup	resumable-migration.mjs	decisionGroupMemberFact	1	local
resumable-migration.mjs	createNewFormatDecisionGroup	resumable-migration.mjs	groupCandidateInput	1	local
resumable-migration.mjs	createNewFormatDecisionGroup	resumable-migration.mjs	groupMembersOf	1	local
resumable-migration.mjs	createResolveStep	resumable-migration.mjs	MIGRATION_FORMAT_VERSION	1	local
resumable-migration.mjs	createResolveStep	resumable-migration.mjs	RESUMABLE_CONTRACT_VERSION	1	local
resumable-migration.mjs	createResolveStep	resumable-migration.mjs	VISUAL_AUTHORITIES	2	local
resumable-migration.mjs	createResolveStep	resumable-migration.mjs	WORKFLOW_VERSION	1	local
resumable-migration.mjs	decisionAppliesToCandidate	resumable-migration.mjs	candidateDigestOf	1	local
resumable-migration.mjs	decisionAppliesToCandidate	resumable-migration.mjs	candidateHash	1	local
resumable-migration.mjs	decisionAppliesToCandidate	resumable-migration.mjs	principalSatisfiesRequirement	1	local
resumable-migration.mjs	decisionGroupFor	resumable-migration.mjs	createDecisionCandidate	1	local
resumable-migration.mjs	decisionGroupFor	resumable-migration.mjs	decisionGroupMemberFact	1	local
resumable-migration.mjs	decisionGroupFor	resumable-migration.mjs	groupCandidateInput	1	local
resumable-migration.mjs	decisionGroupFor	resumable-migration.mjs	groupMembersOf	1	local
resumable-migration.mjs	decisionKindAllowed	resumable-migration.mjs	LATE_DECISION_KINDS	1	local
resumable-migration.mjs	decisionLineProblem	resumable-migration.mjs	AUTO_DECISIONS_FILE	1	local
resumable-migration.mjs	decisionLineProblem	resumable-migration.mjs	DECISION_PRINCIPALS	1	local
resumable-migration.mjs	decisionLineProblem	resumable-migration.mjs	DECISION_RESULTS	1	local
resumable-migration.mjs	decisionLineProblem	resumable-migration.mjs	DECISION_V2_FIELDS	1	local
resumable-migration.mjs	decisionPrincipalOf	resumable-migration.mjs	decisionChannelOf	1	local
resumable-migration.mjs	decisionsAnchorNow	resumable-migration.mjs	DECISIONS_FILE	1	local
resumable-migration.mjs	decisionsAnchorNow	resumable-migration.mjs	fileExists	1	local
resumable-migration.mjs	decisionsAnchorNow	resumable-migration.mjs	historyAnchorOf	1	local
resumable-migration.mjs	delegatedChangedFilesSatisfiedByChild	resumable-migration.mjs	usesArtifactDelegation	1	local
resumable-migration.mjs	directLedgerAdoptionDigest	resumable-migration.mjs	directLedgerAdoptionPreview	1	local
resumable-migration.mjs	directLedgerAdoptionDigest	resumable-migration.mjs	sha256Json	1	local
resumable-migration.mjs	directLedgerAdoptionPreview	resumable-migration.mjs	DIRECT_LEDGER_DECISIONS_FORMAT	1	local
resumable-migration.mjs	directLedgerAdoptionPreview	resumable-migration.mjs	REQUIRED_OBSERVATIONS_FORMAT	1	local
resumable-migration.mjs	evidencePathClaim	resumable-migration.mjs	PATH_CLAIM	1	local
resumable-migration.mjs	expectedNextCheckpoint	resumable-migration.mjs	stepsFor	1	local
resumable-migration.mjs	figmaMetadataAncestry	resumable-migration.mjs	figmaNodeKey	1	local
resumable-migration.mjs	figmaMetadataAncestry	visual-evidence.mjs	xmlAttribute	1	import
resumable-migration.mjs	fileIdentity	migration-utils.mjs	contentIdentity	1	import
resumable-migration.mjs	fileIdentityMatches	migration-utils.mjs	contentIdentityMatches	1	import
resumable-migration.mjs	formatIsPromoting	resumable-migration.mjs	FORMAT_UPGRADE_FLOOR	1	local
resumable-migration.mjs	formatIsPromoting	resumable-migration.mjs	NON_PROMOTING_FORMAT_VERSIONS	1	local
resumable-migration.mjs	formatIsSupported	resumable-migration.mjs	MIGRATION_FORMAT_SUPPORTED	1	local
resumable-migration.mjs	formatIsSupported	resumable-migration.mjs	MIGRATION_FORMAT_VERSION	1	local
resumable-migration.mjs	formatIsSupported	resumable-migration.mjs	SELF_HEALING_FORMAT_VERSIONS	1	local
resumable-migration.mjs	getMigrationStatus	format-upgrade.mjs	upgradeProjection	1	import
resumable-migration.mjs	getMigrationStatus	migration-utils.mjs	gitRevision	1	import
resumable-migration.mjs	getMigrationStatus	record-decision.mjs	projectDecisions	1	dynamic
resumable-migration.mjs	getMigrationStatus	resumable-migration.mjs	MIGRATION_FORMAT_VERSION	1	local
resumable-migration.mjs	getMigrationStatus	resumable-migration.mjs	UI_REMEDIATION_FILE	1	local
resumable-migration.mjs	getMigrationStatus	resumable-migration.mjs	VISUAL_ACCEPTANCE_FORMAT	1	local
resumable-migration.mjs	getMigrationStatus	resumable-migration.mjs	WORKFLOW_VERSION	1	local
resumable-migration.mjs	getMigrationStatus	resumable-migration.mjs	activeArtifact	1	local
resumable-migration.mjs	getMigrationStatus	resumable-migration.mjs	assertBriefUnchanged	1	local
resumable-migration.mjs	getMigrationStatus	resumable-migration.mjs	assertCurrentOpenSpecAuthority	1	local
resumable-migration.mjs	getMigrationStatus	resumable-migration.mjs	initialArtifacts	2	local
resumable-migration.mjs	getMigrationStatus	resumable-migration.mjs	migrationProgress	1	local
resumable-migration.mjs	getMigrationStatus	resumable-migration.mjs	pendingFormatUpgrade	1	local
resumable-migration.mjs	getMigrationStatus	resumable-migration.mjs	readContext	1	local
resumable-migration.mjs	getMigrationStatus	resumable-migration.mjs	readOptionalJson	4	local
resumable-migration.mjs	getMigrationStatus	resumable-migration.mjs	readState	1	local
resumable-migration.mjs	getMigrationStatus	resumable-migration.mjs	renderProgress	1	local
resumable-migration.mjs	getMigrationStatus	resumable-migration.mjs	resumeGuidance	1	local
resumable-migration.mjs	getMigrationStatus	resumable-migration.mjs	toolkitAdoptCommand	1	local
resumable-migration.mjs	getMigrationStatus	resumable-migration.mjs	usesUiVerification	1	local
resumable-migration.mjs	getMigrationStatus	resumable-migration.mjs	validateCompletedHashes	1	local
resumable-migration.mjs	getMigrationStatus	resumable-migration.mjs	visualAuthorityOf	3	local
resumable-migration.mjs	getMigrationStatus	toolkit-identity.mjs	activeToolkitIdentity	3	import
resumable-migration.mjs	getMigrationStatus	toolkit-identity.mjs	toolkitIdentityBlocker	1	import
resumable-migration.mjs	getMigrationStatus	toolkit-identity.mjs	toolkitIdentityStatus	1	import
resumable-migration.mjs	governingReopen	resumable-migration.mjs	readHistoryEvents	1	local
resumable-migration.mjs	groupAuthorityFor	resumable-migration.mjs	DECISION_GROUP_KIND	1	local
resumable-migration.mjs	groupAuthorityFor	resumable-migration.mjs	candidateDigestOf	1	local
resumable-migration.mjs	groupAuthorityFor	resumable-migration.mjs	createNewFormatDecisionCandidate	1	local
resumable-migration.mjs	groupAuthorityFor	resumable-migration.mjs	decisionGroupMemberFact	1	local
resumable-migration.mjs	groupAuthorityFor	resumable-migration.mjs	groupCandidateInput	1	local
resumable-migration.mjs	groupCandidateInput	resumable-migration.mjs	DECISION_GROUP_KIND	1	local
resumable-migration.mjs	groupMembersOf	resumable-migration.mjs	DECISION_MODULE_BINDING	2	local
resumable-migration.mjs	hardenedVisual	visual-evidence.mjs	FIXED_VISUAL_TOLERANCE	1	import
resumable-migration.mjs	hardenedVisual	visual-evidence.mjs	HARDENED_VISUAL_VERSION	3	import
resumable-migration.mjs	hashHistoryEvent	resumable-migration.mjs	HISTORY_HASH_DOMAIN	1	local
resumable-migration.mjs	hashHistoryEvent	resumable-migration.mjs	canonicalHistoryJson	1	local
resumable-migration.mjs	hashHistoryEvent	resumable-migration.mjs	historyDigest	1	local
resumable-migration.mjs	hashPinnedArtifact	resumable-migration.mjs	DERIVED_PINS	1	local
resumable-migration.mjs	hashPinnedArtifact	resumable-migration.mjs	fileIdentity	1	local
resumable-migration.mjs	hashPinnedArtifact	resumable-migration.mjs	isBytePinned	1	local
resumable-migration.mjs	hashPinnedArtifact	resumable-migration.mjs	pinnedSourcePath	1	local
resumable-migration.mjs	historyAnchorNow	resumable-migration.mjs	fileExists	1	local
resumable-migration.mjs	historyAnchorNow	resumable-migration.mjs	historyAnchorOf	1	local
resumable-migration.mjs	historyAnchorNow	resumable-migration.mjs	initialArtifacts	1	local
resumable-migration.mjs	implementationDigests	resumable-migration.mjs	fileIdentity	1	local
resumable-migration.mjs	implementationDigests	resumable-migration.mjs	hashContent	1	local
resumable-migration.mjs	implementationDigests	resumable-migration.mjs	hashFile	1	local
resumable-migration.mjs	implementationDigests	resumable-migration.mjs	resolveChangedFile	1	local
resumable-migration.mjs	initialArtifacts	resumable-migration.mjs	CAPABILITY_OWNERSHIP_FILE	1	local
resumable-migration.mjs	initialArtifacts	resumable-migration.mjs	DECISIONS_FILE	1	local
resumable-migration.mjs	initialArtifacts	resumable-migration.mjs	DISCOVERY_SCAN_FILE	1	local
resumable-migration.mjs	initialArtifacts	resumable-migration.mjs	MODULE_CLASSIFICATION_FILE	1	local
resumable-migration.mjs	initialArtifacts	resumable-migration.mjs	STEP_FILES	1	local
resumable-migration.mjs	initialJsonArtifacts	discovery-scan.mjs	CENSUS_ALGORITHM_VERSION	1	import
resumable-migration.mjs	initialJsonArtifacts	resumable-migration.mjs	CAPABILITY_OWNERSHIP_FILE	1	local
resumable-migration.mjs	initialJsonArtifacts	resumable-migration.mjs	FINAL_GATES	1	local
resumable-migration.mjs	initialJsonArtifacts	resumable-migration.mjs	MODULE_CLASSIFICATION_FILE	1	local
resumable-migration.mjs	inspectSliceArtifacts	resumable-migration.mjs	initialArtifacts	1	local
resumable-migration.mjs	inspectSliceArtifacts	resumable-migration.mjs	readOptionalJson	3	local
resumable-migration.mjs	isAutoAuthority	resumable-migration.mjs	DEFAULT_MODE	1	local
resumable-migration.mjs	isBrownfield	resumable-migration.mjs	usesMultiSource	1	local
resumable-migration.mjs	isBytePinned	resumable-migration.mjs	ADOPTION_ROOT	1	local
resumable-migration.mjs	isBytePinned	resumable-migration.mjs	REOPEN_ROOT	1	local
resumable-migration.mjs	isBytePinned	resumable-migration.mjs	UI_OBSERVATIONS_ADOPTION_ROOT	1	local
resumable-migration.mjs	isBytePinned	resumable-migration.mjs	reworkPathParts	1	local
resumable-migration.mjs	isUnderFeature	resumable-migration.mjs	featureLocalPrefix	1	local
resumable-migration.mjs	legacyChecklistBlocker	resumable-migration.mjs	fileExists	1	local
resumable-migration.mjs	legacyRelativePath	resumable-migration.mjs	rootRelativePath	1	local
resumable-migration.mjs	legacySourceBinding	migration-utils.mjs	dirtyManifest	1	import
resumable-migration.mjs	legacySourceBinding	migration-utils.mjs	gitRevision	1	import
resumable-migration.mjs	lifecycleBinding	resumable-migration.mjs	hashFile	1	local
resumable-migration.mjs	loadOpenSpecAuthority	migration-utils.mjs	contentIdentity	1	import
resumable-migration.mjs	loadOpenSpecAuthority	resumable-migration.mjs	isWithin	1	local
resumable-migration.mjs	loadOpenSpecAuthority	resumable-migration.mjs	parseOpenSpec	1	local
resumable-migration.mjs	loadOpenSpecAuthority	resumable-migration.mjs	requirementsSourceFor	1	local
resumable-migration.mjs	migrationProgress	resumable-migration.mjs	MAX_SLICE_REWORKS	1	local
resumable-migration.mjs	migrationProgress	resumable-migration.mjs	STOPPING_OUTCOMES	1	local
resumable-migration.mjs	migrationProgress	resumable-migration.mjs	activeArtifact	1	local
resumable-migration.mjs	migrationProgress	resumable-migration.mjs	reworkAttemptsOf	1	local
resumable-migration.mjs	migrationProgress	resumable-migration.mjs	stepsFor	1	local
resumable-migration.mjs	moduleDecisionCandidate	resumable-migration.mjs	createDecisionCandidate	1	local
resumable-migration.mjs	moduleDecisionCandidate	resumable-migration.mjs	createNewFormatDecisionCandidate	1	local
resumable-migration.mjs	moduleDecisionCandidate	resumable-migration.mjs	usesDirectLedgerDecisions	1	local
resumable-migration.mjs	moduleEdgeTargetsFrom	resumable-migration.mjs	assertArray	2	local
resumable-migration.mjs	moduleEdgeTargetsFrom	resumable-migration.mjs	assertNonEmpty	1	local
resumable-migration.mjs	moduleRootPath	resumable-migration.mjs	isPlainObject	1	local
resumable-migration.mjs	moduleRootSource	resumable-migration.mjs	isPlainObject	1	local
resumable-migration.mjs	parseOpenSpec	resumable-migration.mjs	OPEN_SPEC_REQUIREMENT	1	local
resumable-migration.mjs	parseOpenSpec	resumable-migration.mjs	OPEN_SPEC_SCENARIO	1	local
resumable-migration.mjs	pendingFormatUpgrade	format-upgrade.mjs	classifyUpgrade	1	import
resumable-migration.mjs	pendingFormatUpgrade	format-upgrade.mjs	nextIncrement	1	import
resumable-migration.mjs	pendingFormatUpgrade	format-upgrade.mjs	upgradeIsActive	1	import
resumable-migration.mjs	pendingFormatUpgrade	resumable-migration.mjs	FORMAT_UPGRADERS	1	local
resumable-migration.mjs	pendingFormatUpgrade	resumable-migration.mjs	FORMAT_UPGRADE_FLOOR	1	local
resumable-migration.mjs	pendingFormatUpgrade	resumable-migration.mjs	MIGRATION_FORMAT_SUPPORTED	1	local
resumable-migration.mjs	pendingFormatUpgrade	resumable-migration.mjs	REQUIRED_OBSERVATIONS_FORMAT	1	local
resumable-migration.mjs	pendingFormatUpgrade	resumable-migration.mjs	fileExists	1	local
resumable-migration.mjs	pendingFormatUpgrade	resumable-migration.mjs	initialArtifacts	1	local
resumable-migration.mjs	pendingTargetDriftCandidates	resumable-migration.mjs	DRIFT_OWNERSHIP_STEPS	1	local
resumable-migration.mjs	pendingTargetDriftCandidates	resumable-migration.mjs	classifyTargetDrift	1	local
resumable-migration.mjs	pendingTargetDriftCandidates	resumable-migration.mjs	hashFile	1	local
resumable-migration.mjs	pendingTargetDriftCandidates	resumable-migration.mjs	initialArtifacts	1	local
resumable-migration.mjs	pendingTargetDriftCandidates	resumable-migration.mjs	readOptionalJson	1	local
resumable-migration.mjs	pendingTargetDriftCandidates	resumable-migration.mjs	unclaimedTargetDrift	1	local
resumable-migration.mjs	pendingTargetDriftCandidates	resumable-migration.mjs	usesSliceRework	1	local
resumable-migration.mjs	pendingVisualUnbackedCandidates	resumable-migration.mjs	FIGMA_CONTEXT_ADOPTION_FILE	2	local
resumable-migration.mjs	pendingVisualUnbackedCandidates	resumable-migration.mjs	FIGMA_CONTEXT_FILE	1	local
resumable-migration.mjs	pendingVisualUnbackedCandidates	resumable-migration.mjs	VISUAL_ACCEPTANCE_FILE	1	local
resumable-migration.mjs	pendingVisualUnbackedCandidates	resumable-migration.mjs	VISUAL_ACCEPTANCE_FORMAT	1	local
resumable-migration.mjs	pendingVisualUnbackedCandidates	resumable-migration.mjs	backedRowFor	1	local
resumable-migration.mjs	pendingVisualUnbackedCandidates	resumable-migration.mjs	fileExists	1	local
resumable-migration.mjs	pendingVisualUnbackedCandidates	resumable-migration.mjs	hashFile	1	local
resumable-migration.mjs	pendingVisualUnbackedCandidates	resumable-migration.mjs	isPlainObject	1	local
resumable-migration.mjs	pendingVisualUnbackedCandidates	resumable-migration.mjs	usesVisualAcceptance	2	local
resumable-migration.mjs	pendingVisualUnbackedCandidates	resumable-migration.mjs	visualAuthorityOf	1	local
resumable-migration.mjs	pendingVisualUnbackedCandidates	resumable-migration.mjs	visualUnbackedCandidate	1	local
resumable-migration.mjs	pinnedArtifactMatches	resumable-migration.mjs	DERIVED_PINS	1	local
resumable-migration.mjs	pinnedArtifactMatches	resumable-migration.mjs	fileIdentityMatches	1	local
resumable-migration.mjs	pinnedArtifactMatches	resumable-migration.mjs	isBytePinned	1	local
resumable-migration.mjs	pinnedArtifactMatches	resumable-migration.mjs	pinnedSourcePath	1	local
resumable-migration.mjs	pinnedInputTimestamps	resumable-migration.mjs	readHistoryEvents	1	local
resumable-migration.mjs	pinnedSourcePath	resumable-migration.mjs	DERIVED_PINS	1	local
resumable-migration.mjs	pinsAuthorityContext	resumable-migration.mjs	AUTHORITY_CONTEXT_FILES	1	local
resumable-migration.mjs	pinsAuthorityContext	resumable-migration.mjs	visualAuthorityOf	1	local
resumable-migration.mjs	prepareHistoryEvent	resumable-migration.mjs	hashHistoryEvent	1	local
resumable-migration.mjs	prepareHistoryEvent	resumable-migration.mjs	historyDigest	1	local
resumable-migration.mjs	prepareHistoryEvent	resumable-migration.mjs	initialArtifacts	1	local
resumable-migration.mjs	prepareHistoryEvent	resumable-migration.mjs	isPlainObject	1	local
resumable-migration.mjs	prepareHistoryEvent	resumable-migration.mjs	now	1	local
resumable-migration.mjs	prepareHistoryEvent	resumable-migration.mjs	readHistoryEvents	1	local
resumable-migration.mjs	prepareHistoryEvent	resumable-migration.mjs	readIntegrity	1	local
resumable-migration.mjs	preservedEvidencePath	resumable-migration.mjs	REWORK_ROOT	1	local
resumable-migration.mjs	previewAdvance	resumable-migration.mjs	DEFAULT_MODE	1	local
resumable-migration.mjs	previewAdvance	resumable-migration.mjs	MIGRATION_STEPS	1	local
resumable-migration.mjs	previewAdvance	resumable-migration.mjs	artifactPrerequisiteWork	1	local
resumable-migration.mjs	previewAdvance	resumable-migration.mjs	confirmationIdFor	1	local
resumable-migration.mjs	previewAdvance	resumable-migration.mjs	expectedNextCheckpoint	1	local
resumable-migration.mjs	previewAdvance	resumable-migration.mjs	hashFile	1	local
resumable-migration.mjs	previewAdvance	resumable-migration.mjs	legacySourceBinding	1	local
resumable-migration.mjs	previewAdvance	resumable-migration.mjs	migrationProgress	1	local
resumable-migration.mjs	previewAdvance	resumable-migration.mjs	previewProgress	1	local
resumable-migration.mjs	previewAdvance	resumable-migration.mjs	readContext	1	local
resumable-migration.mjs	previewAdvance	resumable-migration.mjs	readState	1	local
resumable-migration.mjs	previewAdvance	resumable-migration.mjs	renderProgress	2	local
resumable-migration.mjs	previewAdvance	resumable-migration.mjs	usesArtifactDelegation	1	local
resumable-migration.mjs	previewDiscoveryScan	resumable-migration.mjs	assertDiscoveryCompletenessFormat	1	local
resumable-migration.mjs	previewDiscoveryScan	resumable-migration.mjs	readCanonicalModuleBoundary	1	local
resumable-migration.mjs	previewDiscoveryScan	resumable-migration.mjs	readContext	1	local
resumable-migration.mjs	previewDiscoveryScan	resumable-migration.mjs	readState	1	local
resumable-migration.mjs	previewMigrationExecution	format-upgrade.mjs	upgradeProjection	1	import
resumable-migration.mjs	previewMigrationExecution	migration-utils.mjs	assertPonytailTarget	1	import
resumable-migration.mjs	previewMigrationExecution	migration-utils.mjs	assertSafeName	3	import
resumable-migration.mjs	previewMigrationExecution	migration-utils.mjs	dirtyManifest	2	import
resumable-migration.mjs	previewMigrationExecution	migration-utils.mjs	gitRevision	1	import
resumable-migration.mjs	previewMigrationExecution	migration-utils.mjs	pendingTransactions	1	import
resumable-migration.mjs	previewMigrationExecution	migration-utils.mjs	previewProjectRegistryBinding	1	import
resumable-migration.mjs	previewMigrationExecution	migration-utils.mjs	resolveDesignSource	1	import
resumable-migration.mjs	previewMigrationExecution	resumable-migration.mjs	ADOPTION_ROOT	2	local
resumable-migration.mjs	previewMigrationExecution	resumable-migration.mjs	DEFAULT_MODE	1	local
resumable-migration.mjs	previewMigrationExecution	resumable-migration.mjs	FIGMA_CONTEXT_ADOPTION_FILE	2	local
resumable-migration.mjs	previewMigrationExecution	resumable-migration.mjs	FIGMA_CONTEXT_FILE	1	local
resumable-migration.mjs	previewMigrationExecution	resumable-migration.mjs	IMMUTABLE_STEP_ARTIFACTS	1	local
resumable-migration.mjs	previewMigrationExecution	resumable-migration.mjs	INTEGRITY_FILE	2	local
resumable-migration.mjs	previewMigrationExecution	resumable-migration.mjs	MAX_SLICE_REWORKS	2	local
resumable-migration.mjs	previewMigrationExecution	resumable-migration.mjs	MIGRATION_FORMAT_VERSION	4	local
resumable-migration.mjs	previewMigrationExecution	resumable-migration.mjs	REOPEN_ROOT	3	local
resumable-migration.mjs	previewMigrationExecution	resumable-migration.mjs	REWORK_ROOT	2	local
resumable-migration.mjs	previewMigrationExecution	resumable-migration.mjs	SLICE_AMENDMENT_ROOT	1	local
resumable-migration.mjs	previewMigrationExecution	resumable-migration.mjs	SLICE_REWORK_FORMAT	1	local
resumable-migration.mjs	previewMigrationExecution	resumable-migration.mjs	TARGET_DIRTY_SCOPE	1	local
resumable-migration.mjs	previewMigrationExecution	resumable-migration.mjs	UI_REMEDIATION_FILE	2	local
resumable-migration.mjs	previewMigrationExecution	resumable-migration.mjs	VISUAL_ACCEPTANCE_FILE	2	local
resumable-migration.mjs	previewMigrationExecution	resumable-migration.mjs	VISUAL_ACCEPTANCE_FORMAT	5	local
resumable-migration.mjs	previewMigrationExecution	resumable-migration.mjs	WORKFLOW_VERSION	4	local
resumable-migration.mjs	previewMigrationExecution	resumable-migration.mjs	activeArtifact	1	local
resumable-migration.mjs	previewMigrationExecution	resumable-migration.mjs	assertBriefUnchanged	1	local
resumable-migration.mjs	previewMigrationExecution	resumable-migration.mjs	assertCurrentOpenSpecAuthority	1	local
resumable-migration.mjs	previewMigrationExecution	resumable-migration.mjs	assertDesignSourceUnchanged	1	local
resumable-migration.mjs	previewMigrationExecution	resumable-migration.mjs	assertLegacySourcesUnchanged	1	local
resumable-migration.mjs	previewMigrationExecution	resumable-migration.mjs	assertSliceStateConsistent	1	local
resumable-migration.mjs	previewMigrationExecution	resumable-migration.mjs	briefDigestFor	1	local
resumable-migration.mjs	previewMigrationExecution	resumable-migration.mjs	brownfieldTargetBlocker	1	local
resumable-migration.mjs	previewMigrationExecution	resumable-migration.mjs	checkpointAction	1	local
resumable-migration.mjs	previewMigrationExecution	resumable-migration.mjs	checkpointArtifacts	1	local
resumable-migration.mjs	previewMigrationExecution	resumable-migration.mjs	compatibilityBlocker	1	local
resumable-migration.mjs	previewMigrationExecution	resumable-migration.mjs	confirmationIdFor	3	local
resumable-migration.mjs	previewMigrationExecution	resumable-migration.mjs	designSourceExplicit	1	local
resumable-migration.mjs	previewMigrationExecution	resumable-migration.mjs	expectedNextCheckpoint	1	local
resumable-migration.mjs	previewMigrationExecution	resumable-migration.mjs	fileExists	3	local
resumable-migration.mjs	previewMigrationExecution	resumable-migration.mjs	hashContent	1	local
resumable-migration.mjs	previewMigrationExecution	resumable-migration.mjs	hashFile	2	local
resumable-migration.mjs	previewMigrationExecution	resumable-migration.mjs	inspectSliceArtifacts	1	local
resumable-migration.mjs	previewMigrationExecution	resumable-migration.mjs	isAutoAuthority	1	local
resumable-migration.mjs	previewMigrationExecution	resumable-migration.mjs	legacyChecklistBlocker	1	local
resumable-migration.mjs	previewMigrationExecution	resumable-migration.mjs	loadOpenSpecAuthority	1	local
resumable-migration.mjs	previewMigrationExecution	resumable-migration.mjs	migrationProgress	1	local
resumable-migration.mjs	previewMigrationExecution	resumable-migration.mjs	migrationRoot	1	local
resumable-migration.mjs	previewMigrationExecution	resumable-migration.mjs	pendingFormatUpgrade	1	local
resumable-migration.mjs	previewMigrationExecution	resumable-migration.mjs	portableRoot	2	local
resumable-migration.mjs	previewMigrationExecution	resumable-migration.mjs	previewProgress	1	local
resumable-migration.mjs	previewMigrationExecution	resumable-migration.mjs	readContext	1	local
resumable-migration.mjs	previewMigrationExecution	resumable-migration.mjs	readJson	1	local
resumable-migration.mjs	previewMigrationExecution	resumable-migration.mjs	readOptionalJson	1	local
resumable-migration.mjs	previewMigrationExecution	resumable-migration.mjs	readState	1	local
resumable-migration.mjs	previewMigrationExecution	resumable-migration.mjs	renderProgress	2	local
resumable-migration.mjs	previewMigrationExecution	resumable-migration.mjs	reopenAttemptsOf	1	local
resumable-migration.mjs	previewMigrationExecution	resumable-migration.mjs	reopenCompletePlan	1	local
resumable-migration.mjs	previewMigrationExecution	resumable-migration.mjs	reopenUiEligible	1	local
resumable-migration.mjs	previewMigrationExecution	resumable-migration.mjs	reopenUiIneligible	1	local
resumable-migration.mjs	previewMigrationExecution	resumable-migration.mjs	reopenUiNotApplicable	1	local
resumable-migration.mjs	previewMigrationExecution	resumable-migration.mjs	requirementsSourceFor	1	local
resumable-migration.mjs	previewMigrationExecution	resumable-migration.mjs	reworkAttemptsOf	2	local
resumable-migration.mjs	previewMigrationExecution	resumable-migration.mjs	reworkLimitBlocker	1	local
resumable-migration.mjs	previewMigrationExecution	resumable-migration.mjs	sliceAmendmentFor	1	local
resumable-migration.mjs	previewMigrationExecution	resumable-migration.mjs	stateMappingMismatch	1	local
resumable-migration.mjs	previewMigrationExecution	resumable-migration.mjs	statePathFor	1	local
resumable-migration.mjs	previewMigrationExecution	resumable-migration.mjs	upgradeCommandFor	1	local
resumable-migration.mjs	previewMigrationExecution	resumable-migration.mjs	usesSliceRework	1	local
resumable-migration.mjs	previewMigrationExecution	resumable-migration.mjs	validateCompletedHashes	1	local
resumable-migration.mjs	previewMigrationExecution	resumable-migration.mjs	validateOpenSpecProposal	1	local
resumable-migration.mjs	previewMigrationExecution	resumable-migration.mjs	visualAuthorityOf	3	local
resumable-migration.mjs	previewMigrationExecution	resumable-migration.mjs	visualContractAdoptionPlan	1	local
resumable-migration.mjs	previewProgress	resumable-migration.mjs	DEFAULT_MODE	1	local
resumable-migration.mjs	previewProgress	resumable-migration.mjs	migrationProgress	1	local
resumable-migration.mjs	previewUiObservationsAdoption	resumable-migration.mjs	combinedUiAdoptionPlan	1	local
resumable-migration.mjs	previewUiObservationsAdoption	resumable-migration.mjs	migrationRoot	1	local
resumable-migration.mjs	previewUiObservationsAdoption	resumable-migration.mjs	readContext	1	local
resumable-migration.mjs	previewUiObservationsAdoption	resumable-migration.mjs	readState	1	local
resumable-migration.mjs	projectModuleDecision	resumable-migration.mjs	applicableDecisionOutcome	1	local
resumable-migration.mjs	projectModuleDecision	resumable-migration.mjs	candidateDigestOf	2	local
resumable-migration.mjs	projectModuleDecision	resumable-migration.mjs	decisionLineDigest	1	local
resumable-migration.mjs	projectModuleDecision	resumable-migration.mjs	decisionPrincipalOf	1	local
resumable-migration.mjs	projectModuleDecision	resumable-migration.mjs	groupAuthorityFor	1	local
resumable-migration.mjs	rawDecisionLedgerBytes	resumable-migration.mjs	DECISIONS_FILE	1	local
resumable-migration.mjs	rawDecisionLedgerBytes	resumable-migration.mjs	fileExists	1	local
resumable-migration.mjs	rawDecisionLedgerDigest	resumable-migration.mjs	DECISIONS_FILE	1	local
resumable-migration.mjs	rawDecisionLedgerDigest	resumable-migration.mjs	fileExists	1	local
resumable-migration.mjs	readAdvanceJournal	resumable-migration.mjs	ADVANCE_JOURNAL	1	local
resumable-migration.mjs	readAdvanceJournal	resumable-migration.mjs	fileExists	1	local
resumable-migration.mjs	readAutoDecisions	resumable-migration.mjs	AUTO_DECISIONS_FILE	1	local
resumable-migration.mjs	readAutoDecisions	resumable-migration.mjs	readDecisionLedger	1	local
resumable-migration.mjs	readCanonicalModuleBoundary	discovery-scan.mjs	SUPPORTED_ALGORITHM_VERSIONS	1	import
resumable-migration.mjs	readCanonicalModuleBoundary	discovery-scan.mjs	runDiscoveryScan	1	dynamic
resumable-migration.mjs	readCanonicalModuleBoundary	resumable-migration.mjs	MODULE_CLASSIFICATION_FILE	1	local
resumable-migration.mjs	readCanonicalModuleBoundary	resumable-migration.mjs	assertArray	2	local
resumable-migration.mjs	readCanonicalModuleBoundary	resumable-migration.mjs	assertDirectLedgerClassificationSchema	1	local
resumable-migration.mjs	readCanonicalModuleBoundary	resumable-migration.mjs	assertNonEmpty	1	local
resumable-migration.mjs	readCanonicalModuleBoundary	resumable-migration.mjs	assertPlainObject	1	local
resumable-migration.mjs	readCanonicalModuleBoundary	resumable-migration.mjs	assertRecordedScannerVersion	1	local
resumable-migration.mjs	readCanonicalModuleBoundary	resumable-migration.mjs	assertSourcedModuleRoots	1	local
resumable-migration.mjs	readCanonicalModuleBoundary	resumable-migration.mjs	isPlainObject	1	local
resumable-migration.mjs	readCanonicalModuleBoundary	resumable-migration.mjs	moduleEdgeTargetsFrom	1	local
resumable-migration.mjs	readCanonicalModuleBoundary	resumable-migration.mjs	readJson	1	local
resumable-migration.mjs	readContext	migration-utils.mjs	assertSafeName	1	import
resumable-migration.mjs	readContext	migration-utils.mjs	readRegistry	1	import
resumable-migration.mjs	readContext	migration-utils.mjs	registryIdentity	1	import
resumable-migration.mjs	readContext	migration-utils.mjs	resolveLegacySources	1	import
resumable-migration.mjs	readContext	migration-utils.mjs	resolveModule	1	import
resumable-migration.mjs	readContext	resumable-migration.mjs	fileExists	3	local
resumable-migration.mjs	readContext	resumable-migration.mjs	readJson	2	local
resumable-migration.mjs	readContext	resumable-migration.mjs	statePathFor	3	local
resumable-migration.mjs	readContext	resumable-migration.mjs	validateStateShape	1	local
resumable-migration.mjs	readDecisionLedger	resumable-migration.mjs	AUTO_DECISIONS_FILE	1	local
resumable-migration.mjs	readDecisionLedger	resumable-migration.mjs	DECISIONS_FILE	1	local
resumable-migration.mjs	readDecisionLedger	resumable-migration.mjs	decisionChannelOf	1	local
resumable-migration.mjs	readDecisionLedger	resumable-migration.mjs	decisionLineDigest	1	local
resumable-migration.mjs	readDecisionLedger	resumable-migration.mjs	decisionLineProblem	1	local
resumable-migration.mjs	readDecisionLedger	resumable-migration.mjs	decisionPrincipalOf	1	local
resumable-migration.mjs	readDecisionLedger	resumable-migration.mjs	fileExists	1	local
resumable-migration.mjs	readDecisionLedger	resumable-migration.mjs	verifyAttestedLine	1	local
resumable-migration.mjs	readHistoryEvents	resumable-migration.mjs	fileExists	1	local
resumable-migration.mjs	readHistoryEvents	resumable-migration.mjs	hashHistoryEvent	2	local
resumable-migration.mjs	readHistoryEvents	resumable-migration.mjs	historyDigest	1	local
resumable-migration.mjs	readHistoryEvents	resumable-migration.mjs	initialArtifacts	1	local
resumable-migration.mjs	readHistoryEvents	resumable-migration.mjs	isPlainObject	3	local
resumable-migration.mjs	readHistoryEvents	resumable-migration.mjs	readIntegrity	1	local
resumable-migration.mjs	readIntegrity	resumable-migration.mjs	INTEGRITY_FILE	1	local
resumable-migration.mjs	readIntegrity	resumable-migration.mjs	fileExists	1	local
resumable-migration.mjs	readMigrationContext	resumable-migration.mjs	readContext	1	local
resumable-migration.mjs	readOperatorDecisions	resumable-migration.mjs	DECISIONS_FILE	1	local
resumable-migration.mjs	readOperatorDecisions	resumable-migration.mjs	readDecisionLedger	1	local
resumable-migration.mjs	readOptionalJson	resumable-migration.mjs	fileExists	1	local
resumable-migration.mjs	readOptionalJson	resumable-migration.mjs	readJson	1	local
resumable-migration.mjs	readRecordedDecisions	resumable-migration.mjs	readAutoDecisions	1	local
resumable-migration.mjs	readRecordedDecisions	resumable-migration.mjs	readOperatorDecisions	1	local
resumable-migration.mjs	readState	migration-utils.mjs	assertNoPendingTransaction	1	import
resumable-migration.mjs	readState	resumable-migration.mjs	assertIntegrityAnchor	1	local
resumable-migration.mjs	readState	resumable-migration.mjs	assertStateGraph	1	local
resumable-migration.mjs	readState	resumable-migration.mjs	migrationRoot	1	local
resumable-migration.mjs	readState	resumable-migration.mjs	readJson	1	local
resumable-migration.mjs	readState	resumable-migration.mjs	statePathFor	1	local
resumable-migration.mjs	readState	resumable-migration.mjs	validateStateShape	1	local
resumable-migration.mjs	readTargetBaseline	resumable-migration.mjs	TARGET_BASELINE_FILE	1	local
resumable-migration.mjs	readTargetBaseline	resumable-migration.mjs	isBrownfield	1	local
resumable-migration.mjs	readTargetBaseline	resumable-migration.mjs	readJson	1	local
resumable-migration.mjs	readTargetBaseline	resumable-migration.mjs	validateTargetBaselineShape	1	local
resumable-migration.mjs	reconcileSliceState	resumable-migration.mjs	MIGRATION_STEPS	4	local
resumable-migration.mjs	reconcileSliceState	resumable-migration.mjs	inspectSliceArtifacts	1	local
resumable-migration.mjs	recordConsumedDecision	resumable-migration.mjs	consumedDecisionIdentity	1	local
resumable-migration.mjs	recordConsumedDecision	resumable-migration.mjs	consumedDecisionStore	1	local
resumable-migration.mjs	recoverInitialization	resumable-migration.mjs	cleanupInitialization	1	local
resumable-migration.mjs	recoverInitialization	resumable-migration.mjs	fileExists	2	local
resumable-migration.mjs	recoverInitialization	resumable-migration.mjs	initJournalFor	1	local
resumable-migration.mjs	recoverInitialization	resumable-migration.mjs	rollbackInitialization	1	local
resumable-migration.mjs	recoverMigrationRecord	module-lock.mjs	withModuleLock	1	import
resumable-migration.mjs	recoverMigrationRecord	resumable-migration.mjs	fileExists	1	local
resumable-migration.mjs	recoverMigrationRecord	resumable-migration.mjs	migrationRoot	1	local
resumable-migration.mjs	recoverMigrationRecord	resumable-migration.mjs	readContext	1	local
resumable-migration.mjs	recoverMigrationRecord	resumable-migration.mjs	recoverPendingAdvance	1	local
resumable-migration.mjs	recoverMigrationRecord	resumable-migration.mjs	statePathFor	1	local
resumable-migration.mjs	recoverPendingAdvance	migration-utils.mjs	atomicWrite	3	import
resumable-migration.mjs	recoverPendingAdvance	resumable-migration.mjs	INTEGRITY_FILE	1	local
resumable-migration.mjs	recoverPendingAdvance	resumable-migration.mjs	appendHistoryOnce	1	local
resumable-migration.mjs	recoverPendingAdvance	resumable-migration.mjs	assertRecovered	2	local
resumable-migration.mjs	recoverPendingAdvance	resumable-migration.mjs	fileExists	1	local
resumable-migration.mjs	recoverPendingAdvance	resumable-migration.mjs	readAdvanceJournal	1	local
resumable-migration.mjs	recoverPendingAdvance	resumable-migration.mjs	readJson	1	local
resumable-migration.mjs	removeEmptyParents	resumable-migration.mjs	isWithin	1	local
resumable-migration.mjs	renderIntegrity	resumable-migration.mjs	digestArtifactHashes	1	local
resumable-migration.mjs	renderIntegrity	toolkit-identity.mjs	digestToolkitIdentity	1	import
resumable-migration.mjs	renderIntegrityNow	resumable-migration.mjs	autoDecisionsAnchorNow	1	local
resumable-migration.mjs	renderIntegrityNow	resumable-migration.mjs	decisionsAnchorNow	1	local
resumable-migration.mjs	renderIntegrityNow	resumable-migration.mjs	historyAnchorNow	1	local
resumable-migration.mjs	renderIntegrityNow	resumable-migration.mjs	prepareHistoryEvent	1	local
resumable-migration.mjs	renderIntegrityNow	resumable-migration.mjs	renderIntegrity	1	local
resumable-migration.mjs	renderProgress	resumable-migration.mjs	CHECKPOINT_MARKERS	2	local
resumable-migration.mjs	renderProgressChecklist	resumable-migration.mjs	migrationProgress	1	local
resumable-migration.mjs	renderProgressChecklist	resumable-migration.mjs	renderProgress	1	local
resumable-migration.mjs	renderStep	resumable-migration.mjs	MIGRATION_FORMAT_VERSION	1	local
resumable-migration.mjs	renderStep	resumable-migration.mjs	RESUMABLE_CONTRACT_VERSION	1	local
resumable-migration.mjs	renderTargetBaseline	migration-utils.mjs	dirtyManifest	1	import
resumable-migration.mjs	renderTargetBaseline	migration-utils.mjs	gitRevision	1	import
resumable-migration.mjs	renderTargetBaseline	resumable-migration.mjs	TARGET_DIRTY_SCOPE	1	local
resumable-migration.mjs	renderTargetBaseline	resumable-migration.mjs	baselineDirtyEntries	1	local
resumable-migration.mjs	renderToolkitAdoption	toolkit-identity.mjs	renderToolkitIdentity	2	import
resumable-migration.mjs	reopenAttemptsOf	resumable-migration.mjs	readHistoryEvents	1	local
resumable-migration.mjs	reopenCompletePlan	resumable-migration.mjs	evidencePathClaim	1	local
resumable-migration.mjs	reopenCompletePlan	resumable-migration.mjs	fileIdentity	1	local
resumable-migration.mjs	reopenCompletePlan	resumable-migration.mjs	inspectSliceArtifacts	1	local
resumable-migration.mjs	reopenCompletePlan	resumable-migration.mjs	resolveEvidencePath	1	local
resumable-migration.mjs	reopenCompleteUnderLock	migration-utils.mjs	atomicWrite	4	import
resumable-migration.mjs	reopenCompleteUnderLock	migration-utils.mjs	headRevision	1	import
resumable-migration.mjs	reopenCompleteUnderLock	module-lock.mjs	writeJournalAtomic	1	import
resumable-migration.mjs	reopenCompleteUnderLock	resumable-migration.mjs	ADVANCE_JOURNAL	1	local
resumable-migration.mjs	reopenCompleteUnderLock	resumable-migration.mjs	IMMUTABLE_STEP_ARTIFACTS	2	local
resumable-migration.mjs	reopenCompleteUnderLock	resumable-migration.mjs	INTEGRITY_FILE	1	local
resumable-migration.mjs	reopenCompleteUnderLock	resumable-migration.mjs	REOPEN_ROOT	1	local
resumable-migration.mjs	reopenCompleteUnderLock	resumable-migration.mjs	activeArtifact	1	local
resumable-migration.mjs	reopenCompleteUnderLock	resumable-migration.mjs	appendHistoryOnce	1	local
resumable-migration.mjs	reopenCompleteUnderLock	resumable-migration.mjs	assertHistoryAppendable	1	local
resumable-migration.mjs	reopenCompleteUnderLock	resumable-migration.mjs	fileExists	1	local
resumable-migration.mjs	reopenCompleteUnderLock	resumable-migration.mjs	hashContent	2	local
resumable-migration.mjs	reopenCompleteUnderLock	resumable-migration.mjs	now	3	local
resumable-migration.mjs	reopenCompleteUnderLock	resumable-migration.mjs	renderIntegrityNow	1	local
resumable-migration.mjs	reopenCompleteUnderLock	resumable-migration.mjs	renderState	1	local
resumable-migration.mjs	reopenCompleteUnderLock	resumable-migration.mjs	reopenAttemptsOf	1	local
resumable-migration.mjs	reopenCompleteUnderLock	resumable-migration.mjs	reopenCompletePlan	1	local
resumable-migration.mjs	reopenCompleteUnderLock	resumable-migration.mjs	stampedFormatVersion	1	local
resumable-migration.mjs	reopenCompleteUnderLock	resumable-migration.mjs	stepsFor	1	local
resumable-migration.mjs	reopenDiscoveryUnderLock	migration-utils.mjs	atomicWrite	2	import
resumable-migration.mjs	reopenDiscoveryUnderLock	module-lock.mjs	writeJournalAtomic	1	import
resumable-migration.mjs	reopenDiscoveryUnderLock	resumable-migration.mjs	ADVANCE_JOURNAL	2	local
resumable-migration.mjs	reopenDiscoveryUnderLock	resumable-migration.mjs	IMMUTABLE_STEP_ARTIFACTS	2	local
resumable-migration.mjs	reopenDiscoveryUnderLock	resumable-migration.mjs	INTEGRITY_FILE	1	local
resumable-migration.mjs	reopenDiscoveryUnderLock	resumable-migration.mjs	activeArtifact	1	local
resumable-migration.mjs	reopenDiscoveryUnderLock	resumable-migration.mjs	appendHistoryOnce	1	local
resumable-migration.mjs	reopenDiscoveryUnderLock	resumable-migration.mjs	assertHistoryAppendable	1	local
resumable-migration.mjs	reopenDiscoveryUnderLock	resumable-migration.mjs	fileExists	1	local
resumable-migration.mjs	reopenDiscoveryUnderLock	resumable-migration.mjs	now	2	local
resumable-migration.mjs	reopenDiscoveryUnderLock	resumable-migration.mjs	renderIntegrityNow	1	local
resumable-migration.mjs	reopenDiscoveryUnderLock	resumable-migration.mjs	renderState	1	local
resumable-migration.mjs	reopenDiscoveryUnderLock	resumable-migration.mjs	stepsFor	1	local
resumable-migration.mjs	reopenUiNotApplicable	resumable-migration.mjs	validateLegacyInventory	1	local
resumable-migration.mjs	reopenUiUnderLock	migration-utils.mjs	atomicWrite	4	import
resumable-migration.mjs	reopenUiUnderLock	migration-utils.mjs	gitRevision	1	import
resumable-migration.mjs	reopenUiUnderLock	module-lock.mjs	writeJournalAtomic	1	import
resumable-migration.mjs	reopenUiUnderLock	resumable-migration.mjs	ADVANCE_JOURNAL	1	local
resumable-migration.mjs	reopenUiUnderLock	resumable-migration.mjs	IMMUTABLE_STEP_ARTIFACTS	2	local
resumable-migration.mjs	reopenUiUnderLock	resumable-migration.mjs	INTEGRITY_FILE	1	local
resumable-migration.mjs	reopenUiUnderLock	resumable-migration.mjs	UI_PROOF_FORMAT	2	local
resumable-migration.mjs	reopenUiUnderLock	resumable-migration.mjs	UI_REMEDIATION_FILE	8	local
resumable-migration.mjs	reopenUiUnderLock	resumable-migration.mjs	appendHistoryOnce	1	local
resumable-migration.mjs	reopenUiUnderLock	resumable-migration.mjs	assertHistoryAppendable	1	local
resumable-migration.mjs	reopenUiUnderLock	resumable-migration.mjs	completedSlicesLackingUiProofV1	1	local
resumable-migration.mjs	reopenUiUnderLock	resumable-migration.mjs	fileExists	1	local
resumable-migration.mjs	reopenUiUnderLock	resumable-migration.mjs	initialArtifacts	1	local
resumable-migration.mjs	reopenUiUnderLock	resumable-migration.mjs	now	2	local
resumable-migration.mjs	reopenUiUnderLock	resumable-migration.mjs	readAdvanceJournal	1	local
resumable-migration.mjs	reopenUiUnderLock	resumable-migration.mjs	readJson	1	local
resumable-migration.mjs	reopenUiUnderLock	resumable-migration.mjs	renderIntegrityNow	1	local
resumable-migration.mjs	reopenUiUnderLock	resumable-migration.mjs	renderState	1	local
resumable-migration.mjs	reopenUiUnderLock	resumable-migration.mjs	reopenUiEligible	1	local
resumable-migration.mjs	reopenUiUnderLock	resumable-migration.mjs	reopenUiIneligible	1	local
resumable-migration.mjs	reopenUiUnderLock	resumable-migration.mjs	reopenUiNotApplicable	1	local
resumable-migration.mjs	reopenUiUnderLock	resumable-migration.mjs	stampedFormatVersion	1	local
resumable-migration.mjs	reopenUiUnderLock	resumable-migration.mjs	stepsFor	2	local
resumable-migration.mjs	repairSliceState	migration-utils.mjs	atomicWrite	2	import
resumable-migration.mjs	repairSliceState	module-lock.mjs	withModuleLock	1	import
resumable-migration.mjs	repairSliceState	module-lock.mjs	writeJournalAtomic	1	import
resumable-migration.mjs	repairSliceState	resumable-migration.mjs	ADVANCE_JOURNAL	1	local
resumable-migration.mjs	repairSliceState	resumable-migration.mjs	INTEGRITY_FILE	1	local
resumable-migration.mjs	repairSliceState	resumable-migration.mjs	STEP_FILES	1	local
resumable-migration.mjs	repairSliceState	resumable-migration.mjs	appendHistoryOnce	1	local
resumable-migration.mjs	repairSliceState	resumable-migration.mjs	assertHistoryAppendable	1	local
resumable-migration.mjs	repairSliceState	resumable-migration.mjs	assertNoPendingFormatUpgrade	1	local
resumable-migration.mjs	repairSliceState	resumable-migration.mjs	assertRecordToolkitIdentity	1	local
resumable-migration.mjs	repairSliceState	resumable-migration.mjs	fileExists	1	local
resumable-migration.mjs	repairSliceState	resumable-migration.mjs	hashPinnedArtifact	1	local
resumable-migration.mjs	repairSliceState	resumable-migration.mjs	now	2	local
resumable-migration.mjs	repairSliceState	resumable-migration.mjs	pinnedArtifactMatches	1	local
resumable-migration.mjs	repairSliceState	resumable-migration.mjs	readState	1	local
resumable-migration.mjs	repairSliceState	resumable-migration.mjs	reconcileSliceState	1	local
resumable-migration.mjs	repairSliceState	resumable-migration.mjs	renderIntegrityNow	1	local
resumable-migration.mjs	repairSliceState	resumable-migration.mjs	renderState	1	local
resumable-migration.mjs	requireDecision	resumable-migration.mjs	AUTO_DECISIONS_FILE	1	local
resumable-migration.mjs	requireDecision	resumable-migration.mjs	DECISIONS_FILE	1	local
resumable-migration.mjs	requireDecision	resumable-migration.mjs	assertNonEmpty	1	local
resumable-migration.mjs	requireDecision	resumable-migration.mjs	decisionAppliesToCandidate	1	local
resumable-migration.mjs	requireDecision	resumable-migration.mjs	decisionLineDigest	1	local
resumable-migration.mjs	requireModuleDecision	resumable-migration.mjs	groupAuthorityFor	1	local
resumable-migration.mjs	requireModuleDecision	resumable-migration.mjs	requireDecision	1	local
resumable-migration.mjs	requireModuleDecision	resumable-migration.mjs	resolveApplicableDecision	1	local
resumable-migration.mjs	requireModuleDecision	resumable-migration.mjs	usesDirectLedgerDecisions	1	local
resumable-migration.mjs	resolveAnchoredOwnership	migration-utils.mjs	isAncestorCommit	1	import
resumable-migration.mjs	resolveAnchoredOwnership	resumable-migration.mjs	fileIdentityMatches	1	local
resumable-migration.mjs	resolveAnchoredOwnership	resumable-migration.mjs	governingReopen	1	local
resumable-migration.mjs	resolveAnchoredOwnership	resumable-migration.mjs	resolveReopenAnchor	1	local
resumable-migration.mjs	resolveAnchoredOwnership	resumable-migration.mjs	verifiedReopenRecord	1	local
resumable-migration.mjs	resolveApplicableDecision	resumable-migration.mjs	applicableDecisionOutcome	1	local
resumable-migration.mjs	resolveApplicableDecision	resumable-migration.mjs	recordConsumedDecision	1	local
resumable-migration.mjs	resolveChangedFile	resumable-migration.mjs	fileExists	1	local
resumable-migration.mjs	resolveChangedFile	resumable-migration.mjs	isWithin	2	local
resumable-migration.mjs	resolveChangedFile	resumable-migration.mjs	resolveEvidencePath	1	local
resumable-migration.mjs	resolveEvidencePath	resumable-migration.mjs	commonAncestor	1	local
resumable-migration.mjs	resolveEvidencePath	resumable-migration.mjs	fileExists	1	local
resumable-migration.mjs	resolveEvidencePath	resumable-migration.mjs	isWithin	1	local
resumable-migration.mjs	resolveFigmaFacts	resumable-migration.mjs	figmaNodeKey	2	local
resumable-migration.mjs	resolveFigmaFacts	resumable-migration.mjs	isPlainObject	3	local
resumable-migration.mjs	resolveFigmaFacts	visual-evidence.mjs	FIGMA_PROVENANCE_KINDS	2	import
resumable-migration.mjs	resolveFigmaFacts	visual-evidence.mjs	REQUIRED_FACT_NAMES	3	import
resumable-migration.mjs	resolveFigmaFacts	visual-evidence.mjs	assertProvenancePrecedence	1	import
resumable-migration.mjs	resolveFigmaFacts	visual-evidence.mjs	normalizeVisualValue	3	import
resumable-migration.mjs	resolveFigmaFacts	visual-evidence.mjs	resolveDesignContextFact	1	import
resumable-migration.mjs	resolveFigmaFacts	visual-evidence.mjs	resolveMetadataAssets	1	import
resumable-migration.mjs	resolveFigmaFacts	visual-evidence.mjs	resolveMetadataFact	1	import
resumable-migration.mjs	resolveFigmaFacts	visual-evidence.mjs	resolveVariableDefsFact	1	import
resumable-migration.mjs	resolveFigmaFacts	visual-evidence.mjs	variableValueSet	1	import
resumable-migration.mjs	resolveGroupDecision	resumable-migration.mjs	DECISION_GROUP_KIND	2	local
resumable-migration.mjs	resolveGroupDecision	resumable-migration.mjs	candidateDigestOf	1	local
resumable-migration.mjs	resolveGroupDecision	resumable-migration.mjs	decisionAppliesToCandidate	1	local
resumable-migration.mjs	resolveHistoricalRequiredPrincipal	resumable-migration.mjs	DEFAULT_DECISION_POLICY_DIGEST	1	local
resumable-migration.mjs	resolveHistoricalRequiredPrincipal	resumable-migration.mjs	DEFAULT_DECISION_POLICY_ID	1	local
resumable-migration.mjs	resolveHistoricalRequiredPrincipal	resumable-migration.mjs	JUDGMENT_KINDS	1	local
resumable-migration.mjs	resolveHistoricalRequiredPrincipal	resumable-migration.mjs	LEGACY_DECISION_POLICY_DIGEST	1	local
resumable-migration.mjs	resolveHistoricalRequiredPrincipal	resumable-migration.mjs	LEGACY_DECISION_POLICY_ID	1	local
resumable-migration.mjs	resolveHistoricalRequiredPrincipal	resumable-migration.mjs	STANDARD_LOCAL	1	local
resumable-migration.mjs	resolveHistoricalRequiredPrincipal	resumable-migration.mjs	policyPrincipal	2	local
resumable-migration.mjs	resolveHistoricalRequiredPrincipal	resumable-migration.mjs	trustedPolicyFor	1	local
resumable-migration.mjs	resolveReopenAnchor	migration-utils.mjs	commitsIntroducingBlob	1	import
resumable-migration.mjs	resolveReopenAnchor	resumable-migration.mjs	REOPEN_ROOT	2	local
resumable-migration.mjs	resolveReopenAnchor	resumable-migration.mjs	repoRelative	1	local
resumable-migration.mjs	resolveRequiredPrincipal	resumable-migration.mjs	DEFAULT_DECISION_POLICY_DIGEST	1	local
resumable-migration.mjs	resolveRequiredPrincipal	resumable-migration.mjs	JUDGMENT_KINDS	1	local
resumable-migration.mjs	resolveRequiredPrincipal	resumable-migration.mjs	STANDARD_LOCAL	1	local
resumable-migration.mjs	resolveRequiredPrincipal	resumable-migration.mjs	policyPrincipal	1	local
resumable-migration.mjs	resolveRequiredPrincipal	resumable-migration.mjs	trustedPolicyFor	1	local
resumable-migration.mjs	resolveStepPins	resumable-migration.mjs	IMMUTABLE_STEP_ARTIFACTS	1	local
resumable-migration.mjs	resolveStepPins	resumable-migration.mjs	TARGET_BASELINE_FILE	1	local
resumable-migration.mjs	resolveStepPins	resumable-migration.mjs	isBrownfield	1	local
resumable-migration.mjs	resolveStructuredFigmaFrame	resumable-migration.mjs	FIGMA_NODE_ID	1	local
resumable-migration.mjs	resolveStructuredFigmaFrame	resumable-migration.mjs	figmaMetadataAncestry	1	local
resumable-migration.mjs	resolveStructuredFigmaFrame	resumable-migration.mjs	figmaNodeKey	3	local
resumable-migration.mjs	resolveStructuredFigmaFrame	visual-evidence.mjs	captureStructuredNode	1	import
resumable-migration.mjs	resolveStructuredFigmaFrame	visual-evidence.mjs	deriveStructuredAuthority	1	import
resumable-migration.mjs	resolveStructuredFigmaFrame	visual-evidence.mjs	extractNodeLiterals	1	import
resumable-migration.mjs	resolveStructuredFigmaFrame	visual-evidence.mjs	structuredAssetIdentity	1	import
resumable-migration.mjs	resolveStructuredFigmaFrame	visual-evidence.mjs	structuredDigest	4	import
resumable-migration.mjs	resolveStructuredFigmaFrame	visual-evidence.mjs	validateStructuredContract	1	import
resumable-migration.mjs	resolveStructuredFigmaFrame	visual-evidence.mjs	xmlAttribute	1	import
resumable-migration.mjs	reworkLimitBlocker	resumable-migration.mjs	MAX_SLICE_REWORKS	2	local
resumable-migration.mjs	reworkPathParts	resumable-migration.mjs	REWORK_PATH	1	local
resumable-migration.mjs	reworkSliceUnderLock	migration-utils.mjs	atomicWrite	3	import
resumable-migration.mjs	reworkSliceUnderLock	module-lock.mjs	writeJournalAtomic	1	import
resumable-migration.mjs	reworkSliceUnderLock	resumable-migration.mjs	ADVANCE_JOURNAL	1	local
resumable-migration.mjs	reworkSliceUnderLock	resumable-migration.mjs	INTEGRITY_FILE	1	local
resumable-migration.mjs	reworkSliceUnderLock	resumable-migration.mjs	MAX_SLICE_REWORKS	2	local
resumable-migration.mjs	reworkSliceUnderLock	resumable-migration.mjs	REWORK_ROOT	1	local
resumable-migration.mjs	reworkSliceUnderLock	resumable-migration.mjs	SLICE_REWORK_FORMAT	1	local
resumable-migration.mjs	reworkSliceUnderLock	resumable-migration.mjs	activeArtifact	1	local
resumable-migration.mjs	reworkSliceUnderLock	resumable-migration.mjs	appendHistoryOnce	1	local
resumable-migration.mjs	reworkSliceUnderLock	resumable-migration.mjs	assertHistoryAppendable	1	local
resumable-migration.mjs	reworkSliceUnderLock	resumable-migration.mjs	assertPlainObject	1	local
resumable-migration.mjs	reworkSliceUnderLock	resumable-migration.mjs	fileExists	2	local
resumable-migration.mjs	reworkSliceUnderLock	resumable-migration.mjs	hashContent	3	local
resumable-migration.mjs	reworkSliceUnderLock	resumable-migration.mjs	now	3	local
resumable-migration.mjs	reworkSliceUnderLock	resumable-migration.mjs	preservedEvidencePath	1	local
resumable-migration.mjs	reworkSliceUnderLock	resumable-migration.mjs	renderIntegrityNow	1	local
resumable-migration.mjs	reworkSliceUnderLock	resumable-migration.mjs	renderState	1	local
resumable-migration.mjs	reworkSliceUnderLock	resumable-migration.mjs	resolveEvidencePath	1	local
resumable-migration.mjs	reworkSliceUnderLock	resumable-migration.mjs	reworkAttemptsOf	1	local
resumable-migration.mjs	reworkSliceUnderLock	resumable-migration.mjs	reworkLimitBlocker	1	local
resumable-migration.mjs	reworkSliceUnderLock	resumable-migration.mjs	usesSliceRework	1	local
resumable-migration.mjs	reworkSliceUnderLock	resumable-migration.mjs	validateFailedSliceResult	1	local
resumable-migration.mjs	rollbackInitialization	migration-utils.mjs	atomicWrite	1	import
resumable-migration.mjs	rollbackInitialization	resumable-migration.mjs	cleanupInitialization	1	local
resumable-migration.mjs	rollbackInitialization	resumable-migration.mjs	ownerMatches	1	local
resumable-migration.mjs	rollbackInitialization	resumable-migration.mjs	removeEmptyParents	2	local
resumable-migration.mjs	rollbackInitialization	resumable-migration.mjs	sameFile	1	local
resumable-migration.mjs	rootRelativePath	resumable-migration.mjs	commonAncestor	1	local
resumable-migration.mjs	rootRelativePath	resumable-migration.mjs	isWithin	1	local
resumable-migration.mjs	sealHistoryTail	migration-utils.mjs	assertSecurePath	1	import
resumable-migration.mjs	sealHistoryTail	resumable-migration.mjs	fileExists	1	local
resumable-migration.mjs	sealHistoryTail	resumable-migration.mjs	initialArtifacts	1	local
resumable-migration.mjs	sealHistoryTail	resumable-migration.mjs	isPlainObject	1	local
resumable-migration.mjs	sequenceAuthorizationEvidence	resumable-migration.mjs	SEQUENCE_AUTHORIZATION	1	local
resumable-migration.mjs	sliceAmendmentFor	resumable-migration.mjs	ENGINE_SKILL_ROOT	2	local
resumable-migration.mjs	sliceAmendmentFor	resumable-migration.mjs	SLICE_AMENDMENT_ROOT	1	local
resumable-migration.mjs	sliceAmendmentFor	resumable-migration.mjs	SLICE_REWORK_FORMAT	1	local
resumable-migration.mjs	sliceAmendmentFor	resumable-migration.mjs	TARGET_DIRTY_SCOPE	1	local
resumable-migration.mjs	sliceAmendmentFor	resumable-migration.mjs	TEST_LEVEL_SUFFIX	2	local
resumable-migration.mjs	sliceAmendmentFor	resumable-migration.mjs	canonicalClaim	1	local
resumable-migration.mjs	sliceAmendmentFor	resumable-migration.mjs	claimedTargetPaths	1	local
resumable-migration.mjs	sliceAmendmentFor	resumable-migration.mjs	classifyTargetDrift	1	local
resumable-migration.mjs	sliceAmendmentFor	resumable-migration.mjs	eventNamesSlice	2	local
resumable-migration.mjs	sliceAmendmentFor	resumable-migration.mjs	fileExists	2	local
resumable-migration.mjs	sliceAmendmentFor	resumable-migration.mjs	fileIdentity	1	local
resumable-migration.mjs	sliceAmendmentFor	resumable-migration.mjs	hashContent	2	local
resumable-migration.mjs	sliceAmendmentFor	resumable-migration.mjs	implementationDigests	2	local
resumable-migration.mjs	sliceAmendmentFor	resumable-migration.mjs	isPlainObject	1	local
resumable-migration.mjs	sliceAmendmentFor	resumable-migration.mjs	isWithin	3	local
resumable-migration.mjs	sliceAmendmentFor	resumable-migration.mjs	readHistoryEvents	1	local
resumable-migration.mjs	sliceAmendmentFor	resumable-migration.mjs	resolveChangedFile	1	local
resumable-migration.mjs	sliceAmendmentFor	resumable-migration.mjs	targetRelative	2	local
resumable-migration.mjs	sliceAmendmentFor	resumable-migration.mjs	targetRelativePath	1	local
resumable-migration.mjs	sliceAmendmentFor	resumable-migration.mjs	usesSliceRework	1	local
resumable-migration.mjs	sliceAmendmentFor	resumable-migration.mjs	validateImplementedSlice	1	local
resumable-migration.mjs	sliceAmendmentFor	resumable-migration.mjs	validatePlan	1	local
resumable-migration.mjs	sliceAmendmentFor	resumable-migration.mjs	withoutExtension	2	local
resumable-migration.mjs	sliceLacksUiProofV1	resumable-migration.mjs	UI_PROOF_FORMAT	1	local
resumable-migration.mjs	sliceLacksUiProofV1	resumable-migration.mjs	evidencePathClaim	1	local
resumable-migration.mjs	sliceLacksUiProofV1	resumable-migration.mjs	resolveEvidencePath	1	local
resumable-migration.mjs	sourceOfEvidence	resumable-migration.mjs	moduleRootPath	1	local
resumable-migration.mjs	sourceOfEvidence	resumable-migration.mjs	moduleRootSource	1	local
resumable-migration.mjs	stampedFormatVersion	resumable-migration.mjs	FORMAT_FEATURES	1	local
resumable-migration.mjs	stampedFormatVersion	resumable-migration.mjs	MIGRATION_FORMAT_SUPPORTED	1	local
resumable-migration.mjs	stateMappingMismatch	resumable-migration.mjs	usesMultiSource	1	local
resumable-migration.mjs	statePathFor	resumable-migration.mjs	migrationRoot	1	local
resumable-migration.mjs	stepTemplates	resumable-migration.mjs	FIGMA_CONTEXT_FILE	2	local
resumable-migration.mjs	stepTemplates	resumable-migration.mjs	LEGACY_AUTHORITY_ROLE	1	local
resumable-migration.mjs	stepTemplates	resumable-migration.mjs	LEGACY_RUNTIME_CONTEXT_FILE	2	local
resumable-migration.mjs	stepTemplates	resumable-migration.mjs	LEGACY_RUNTIME_EVIDENCE_ROOT	1	local
resumable-migration.mjs	stepTemplates	resumable-migration.mjs	UI_PROOF_FORMAT	1	local
resumable-migration.mjs	stepTemplates	resumable-migration.mjs	VISUAL_ACCEPTANCE_FILE	2	local
resumable-migration.mjs	stepTemplates	resumable-migration.mjs	renderStep	8	local
resumable-migration.mjs	stepsFor	resumable-migration.mjs	LEGACY_MIGRATION_STEPS	1	local
resumable-migration.mjs	stepsFor	resumable-migration.mjs	MIGRATION_STEPS	1	local
resumable-migration.mjs	stepsFor	resumable-migration.mjs	usesDiscoveryCompleteness	1	local
resumable-migration.mjs	targetBaselineDrift	migration-utils.mjs	committedChangesSince	1	import
resumable-migration.mjs	targetBaselineDrift	migration-utils.mjs	dirtyManifest	1	import
resumable-migration.mjs	targetBaselineDrift	migration-utils.mjs	gitRevision	1	import
resumable-migration.mjs	targetBaselineDrift	resumable-migration.mjs	TARGET_DIRTY_SCOPE	1	local
resumable-migration.mjs	targetBaselineDrift	resumable-migration.mjs	baselineDirtyEntries	1	local
resumable-migration.mjs	targetRelativePath	resumable-migration.mjs	rootRelativePath	1	local
resumable-migration.mjs	toolkitAdoptCommand	engine-paths.mjs	engineCommand	1	import
resumable-migration.mjs	toolkitAdoptCommand	resumable-migration.mjs	TOOLKIT_IDENTITY_SCRIPT	1	local
resumable-migration.mjs	traceLists	resumable-migration.mjs	assertArray	4	local
resumable-migration.mjs	traceLists	resumable-migration.mjs	usesCapabilityOwnership	1	local
resumable-migration.mjs	trustedPolicyFor	resumable-migration.mjs	PROTECTED_DECISION_POLICY_FILE	2	local
resumable-migration.mjs	trustedPolicyFor	resumable-migration.mjs	validateProtectedDecisionPolicy	1	local
resumable-migration.mjs	uiBehaviorIsRequired	resumable-migration.mjs	UI_UNREQUIRED_DISPOSITIONS	1	local
resumable-migration.mjs	uiObservationsAdoptionPlan	resumable-migration.mjs	REQUIRED_OBSERVATIONS_FORMAT	2	local
resumable-migration.mjs	uiObservationsAdoptionPlan	resumable-migration.mjs	UI_OBSERVATIONS_ADOPTION_ROOT	2	local
resumable-migration.mjs	uiObservationsAdoptionPlan	resumable-migration.mjs	UI_OBSERVATIONS_CANDIDATE_FILE	2	local
resumable-migration.mjs	uiObservationsAdoptionPlan	resumable-migration.mjs	UI_VERIFICATION_FORMAT	1	local
resumable-migration.mjs	uiObservationsAdoptionPlan	resumable-migration.mjs	VISUAL_ACCEPTANCE_FORMAT	1	local
resumable-migration.mjs	uiObservationsAdoptionPlan	resumable-migration.mjs	assertRequiredObservations	1	local
resumable-migration.mjs	uiObservationsAdoptionPlan	resumable-migration.mjs	fileExists	2	local
resumable-migration.mjs	uiObservationsAdoptionPlan	resumable-migration.mjs	hashContent	1	local
resumable-migration.mjs	uiObservationsAdoptionPlan	resumable-migration.mjs	initialArtifacts	1	local
resumable-migration.mjs	uiObservationsAdoptionPlan	resumable-migration.mjs	inspectSliceArtifacts	1	local
resumable-migration.mjs	uiObservationsAdoptionPlan	resumable-migration.mjs	readAdvanceJournal	1	local
resumable-migration.mjs	uiObservationsAdoptionPlan	resumable-migration.mjs	usesRequiredObservations	1	local
resumable-migration.mjs	uiObservationsAdoptionPlan	resumable-migration.mjs	usesUiVerification	1	local
resumable-migration.mjs	uiObservationsAdoptionPlan	resumable-migration.mjs	usesVisualAcceptance	1	local
resumable-migration.mjs	unclaimedTargetDrift	resumable-migration.mjs	DRIFT_CLASSES	1	local
resumable-migration.mjs	unlistedSliceFiles	resumable-migration.mjs	classifyTargetDrift	1	local
resumable-migration.mjs	unlistedSliceFiles	resumable-migration.mjs	initialArtifacts	1	local
resumable-migration.mjs	unlistedSliceFiles	resumable-migration.mjs	plannedTargetOwners	1	local
resumable-migration.mjs	unlistedSliceFiles	resumable-migration.mjs	readJson	1	local
resumable-migration.mjs	unlistedSliceFiles	resumable-migration.mjs	readOptionalJson	1	local
resumable-migration.mjs	unlistedSliceFiles	resumable-migration.mjs	unclaimedTargetDrift	1	local
resumable-migration.mjs	unlistedSliceFiles	resumable-migration.mjs	usesSliceRework	1	local
resumable-migration.mjs	unlistedSliceFiles	resumable-migration.mjs	validateImplementedSlice	1	local
resumable-migration.mjs	unlistedSliceFiles	resumable-migration.mjs	withinPlannedScope	1	local
resumable-migration.mjs	upgradeCommandFor	engine-paths.mjs	engineCommand	1	import
resumable-migration.mjs	usesArtifactDelegation	resumable-migration.mjs	ARTIFACT_DELEGATION_FORMAT	1	local
resumable-migration.mjs	usesCapabilityOwnership	resumable-migration.mjs	CAPABILITY_OWNERSHIP_FORMAT	1	local
resumable-migration.mjs	usesDesignSource	resumable-migration.mjs	DESIGN_SOURCE_FORMAT	1	local
resumable-migration.mjs	usesDirectLedgerDecisions	resumable-migration.mjs	DIRECT_LEDGER_DECISIONS_FORMAT	1	local
resumable-migration.mjs	usesDiscoveryCompleteness	resumable-migration.mjs	DISCOVERY_COMPLETENESS_FORMAT	1	local
resumable-migration.mjs	usesMultiSource	resumable-migration.mjs	MULTI_SOURCE_FORMAT	1	local
resumable-migration.mjs	usesRequiredObservations	resumable-migration.mjs	REQUIRED_OBSERVATIONS_FORMAT	1	local
resumable-migration.mjs	usesSliceRework	resumable-migration.mjs	SLICE_REWORK_FORMAT	1	local
resumable-migration.mjs	usesSourceAttribution	resumable-migration.mjs	usesMultiSource	1	local
resumable-migration.mjs	usesUiVerification	resumable-migration.mjs	UI_VERIFICATION_FORMAT	1	local
resumable-migration.mjs	usesVisualAcceptance	resumable-migration.mjs	VISUAL_ACCEPTANCE_FORMAT	1	local
resumable-migration.mjs	usesVisualContract	resumable-migration.mjs	usesVisualAcceptance	1	local
resumable-migration.mjs	usesVisualContract	resumable-migration.mjs	visualAuthorityOf	1	local
resumable-migration.mjs	validateAdoptedRow	resumable-migration.mjs	assertArray	4	local
resumable-migration.mjs	validateAdoptedRow	resumable-migration.mjs	assertCommandResults	1	local
resumable-migration.mjs	validateAdoptedRow	resumable-migration.mjs	assertNonEmpty	1	local
resumable-migration.mjs	validateAdoptedRow	resumable-migration.mjs	evidencePathClaim	2	local
resumable-migration.mjs	validateAdoptedRow	resumable-migration.mjs	fileExists	1	local
resumable-migration.mjs	validateAdoptedRow	resumable-migration.mjs	isBrownfield	1	local
resumable-migration.mjs	validateAdoptedRow	resumable-migration.mjs	isWithin	2	local
resumable-migration.mjs	validateAdoptedRow	resumable-migration.mjs	resolveEvidencePath	2	local
resumable-migration.mjs	validateAdoptedRow	resumable-migration.mjs	targetFeatureDirectory	1	local
resumable-migration.mjs	validateArtifactDelegationRow	resumable-migration.mjs	artifactBindingFor	1	local
resumable-migration.mjs	validateArtifactDelegationRow	resumable-migration.mjs	usesArtifactDelegation	1	local
resumable-migration.mjs	validateBaseline	resumable-migration.mjs	BEHAVIOR_DISPOSITIONS	1	local
resumable-migration.mjs	validateBaseline	resumable-migration.mjs	MODULE_CLASSIFICATION_FILE	1	local
resumable-migration.mjs	validateBaseline	resumable-migration.mjs	PARITY_STATUSES	2	local
resumable-migration.mjs	validateBaseline	resumable-migration.mjs	SLICE_EARNED_PARITY	1	local
resumable-migration.mjs	validateBaseline	resumable-migration.mjs	TERMINAL_DESIGN_SYSTEM	1	local
resumable-migration.mjs	validateBaseline	resumable-migration.mjs	TERMINAL_PARITY	1	local
resumable-migration.mjs	validateBaseline	resumable-migration.mjs	anySliceVerified	1	local
resumable-migration.mjs	validateBaseline	resumable-migration.mjs	assertArray	8	local
resumable-migration.mjs	validateBaseline	resumable-migration.mjs	assertEvidenceResolves	2	local
resumable-migration.mjs	validateBaseline	resumable-migration.mjs	assertLegacyEvidenceAttributes	1	local
resumable-migration.mjs	validateBaseline	resumable-migration.mjs	assertNonEmpty	9	local
resumable-migration.mjs	validateBaseline	resumable-migration.mjs	assertPlainObject	5	local
resumable-migration.mjs	validateBaseline	resumable-migration.mjs	assertUniqueIds	4	local
resumable-migration.mjs	validateBaseline	resumable-migration.mjs	initialArtifacts	4	local
resumable-migration.mjs	validateBaseline	resumable-migration.mjs	readJson	5	local
resumable-migration.mjs	validateBaseline	resumable-migration.mjs	readTargetBaseline	1	local
resumable-migration.mjs	validateBaseline	resumable-migration.mjs	targetBaselineDrift	1	local
resumable-migration.mjs	validateBaseline	resumable-migration.mjs	usesCapabilityOwnership	1	local
resumable-migration.mjs	validateBaseline	resumable-migration.mjs	usesSourceAttribution	1	local
resumable-migration.mjs	validateBaseline	resumable-migration.mjs	usesVisualContract	1	local
resumable-migration.mjs	validateBaseline	resumable-migration.mjs	validateAdoptedRow	1	local
resumable-migration.mjs	validateBaseline	resumable-migration.mjs	validateCapabilityOwnership	1	local
resumable-migration.mjs	validateBaseline	resumable-migration.mjs	validateLegacyInventory	1	local
resumable-migration.mjs	validateBaseline	resumable-migration.mjs	validateTargetInventory	1	local
resumable-migration.mjs	validateBaseline	resumable-migration.mjs	validateVisualAcceptance	1	local
resumable-migration.mjs	validateCapabilityOwnership	resumable-migration.mjs	CAPABILITY_DISPOSITIONS	1	local
resumable-migration.mjs	validateCapabilityOwnership	resumable-migration.mjs	CAPABILITY_OWNERSHIP_FILE	1	local
resumable-migration.mjs	validateCapabilityOwnership	resumable-migration.mjs	DISCOVERY_SCAN_FILE	1	local
resumable-migration.mjs	validateCapabilityOwnership	resumable-migration.mjs	SHARED_CONSUMER_THRESHOLD	2	local
resumable-migration.mjs	validateCapabilityOwnership	resumable-migration.mjs	assertArray	8	local
resumable-migration.mjs	validateCapabilityOwnership	resumable-migration.mjs	assertEvidenceResolves	3	local
resumable-migration.mjs	validateCapabilityOwnership	resumable-migration.mjs	assertNonEmpty	7	local
resumable-migration.mjs	validateCapabilityOwnership	resumable-migration.mjs	assertPlainObject	3	local
resumable-migration.mjs	validateCapabilityOwnership	resumable-migration.mjs	assertUniqueIds	1	local
resumable-migration.mjs	validateCapabilityOwnership	resumable-migration.mjs	featureLocalPrefix	2	local
resumable-migration.mjs	validateCapabilityOwnership	resumable-migration.mjs	isUnderFeature	1	local
resumable-migration.mjs	validateCapabilityOwnership	resumable-migration.mjs	legacyRelativePath	3	local
resumable-migration.mjs	validateCapabilityOwnership	resumable-migration.mjs	legacySourcesOf	1	local
resumable-migration.mjs	validateCapabilityOwnership	resumable-migration.mjs	readJson	2	local
resumable-migration.mjs	validateCapabilityOwnership	resumable-migration.mjs	targetRelativePath	1	local
resumable-migration.mjs	validateCapabilityOwnership	resumable-migration.mjs	validateArtifactDelegationRow	1	local
resumable-migration.mjs	validateCompletedHashes	resumable-migration.mjs	BASELINE_ROWS_PIN	1	local
resumable-migration.mjs	validateCompletedHashes	resumable-migration.mjs	DISCOVERY_PIN	1	local
resumable-migration.mjs	validateCompletedHashes	resumable-migration.mjs	DISCOVERY_SCAN_FILE	1	local
resumable-migration.mjs	validateCompletedHashes	resumable-migration.mjs	IMMUTABLE_BEHAVIOR_ROW_FIELDS	1	local
resumable-migration.mjs	validateCompletedHashes	resumable-migration.mjs	REOPEN_ROOT	2	local
resumable-migration.mjs	validateCompletedHashes	resumable-migration.mjs	fileExists	1	local
resumable-migration.mjs	validateCompletedHashes	resumable-migration.mjs	pinnedArtifactMatches	1	local
resumable-migration.mjs	validateCompletedHashes	resumable-migration.mjs	pinnedSourcePath	1	local
resumable-migration.mjs	validateCompletedHashes	resumable-migration.mjs	reworkPathParts	2	local
resumable-migration.mjs	validateDiscoveryCompleteness	discovery-scan.mjs	PRODUCTION_REACHABILITY	1	dynamic
resumable-migration.mjs	validateDiscoveryCompleteness	discovery-scan.mjs	VISUAL_KINDS	1	dynamic
resumable-migration.mjs	validateDiscoveryCompleteness	resumable-migration.mjs	AGENT_DISMISSIBLE	1	local
resumable-migration.mjs	validateDiscoveryCompleteness	resumable-migration.mjs	CLASSIFICATION_SCOPES	1	local
resumable-migration.mjs	validateDiscoveryCompleteness	resumable-migration.mjs	DECISION_BACKED_DISPOSITIONS	1	local
resumable-migration.mjs	validateDiscoveryCompleteness	resumable-migration.mjs	DISPOSITIONS	2	local
resumable-migration.mjs	validateDiscoveryCompleteness	resumable-migration.mjs	assertArray	10	local
resumable-migration.mjs	validateDiscoveryCompleteness	resumable-migration.mjs	assertEvidenceChecklist	1	local
resumable-migration.mjs	validateDiscoveryCompleteness	resumable-migration.mjs	assertLegacyEvidenceWithinBoundary	1	local
resumable-migration.mjs	validateDiscoveryCompleteness	resumable-migration.mjs	assertNonEmpty	8	local
resumable-migration.mjs	validateDiscoveryCompleteness	resumable-migration.mjs	assertPlainObject	2	local
resumable-migration.mjs	validateDiscoveryCompleteness	resumable-migration.mjs	edgeDecisionSubject	1	local
resumable-migration.mjs	validateDiscoveryCompleteness	resumable-migration.mjs	initialArtifacts	3	local
resumable-migration.mjs	validateDiscoveryCompleteness	resumable-migration.mjs	isPlainObject	2	local
resumable-migration.mjs	validateDiscoveryCompleteness	resumable-migration.mjs	legacySourceBinding	1	local
resumable-migration.mjs	validateDiscoveryCompleteness	resumable-migration.mjs	legacySourcesOf	1	local
resumable-migration.mjs	validateDiscoveryCompleteness	resumable-migration.mjs	moduleDecisionCandidate	3	local
resumable-migration.mjs	validateDiscoveryCompleteness	resumable-migration.mjs	readCanonicalModuleBoundary	1	local
resumable-migration.mjs	validateDiscoveryCompleteness	resumable-migration.mjs	readJson	1	local
resumable-migration.mjs	validateDiscoveryCompleteness	resumable-migration.mjs	readRecordedDecisions	1	local
resumable-migration.mjs	validateDiscoveryCompleteness	resumable-migration.mjs	requireModuleDecision	3	local
resumable-migration.mjs	validateFailedSliceResult	resumable-migration.mjs	assertArray	1	local
resumable-migration.mjs	validateFailedSliceResult	resumable-migration.mjs	assertEvidenceReference	1	local
resumable-migration.mjs	validateFailedSliceResult	resumable-migration.mjs	assertNonEmpty	3	local
resumable-migration.mjs	validateFailedSliceResult	resumable-migration.mjs	assertPlainObject	1	local
resumable-migration.mjs	validateFailedSliceResult	resumable-migration.mjs	evidencePathClaim	1	local
resumable-migration.mjs	validateFigmaContext	resumable-migration.mjs	FIGMA_CONTEXT_ADOPTION_FILE	1	local
resumable-migration.mjs	validateFigmaContext	resumable-migration.mjs	FIGMA_CONTEXT_FILE	3	local
resumable-migration.mjs	validateFigmaContext	resumable-migration.mjs	FIGMA_NODE_ID	1	local
resumable-migration.mjs	validateFigmaContext	resumable-migration.mjs	FIGMA_SOURCE_KINDS	1	local
resumable-migration.mjs	validateFigmaContext	resumable-migration.mjs	TARGET_EVIDENCE_ROOT	2	local
resumable-migration.mjs	validateFigmaContext	resumable-migration.mjs	VISUAL_ACCEPTANCE_FORMAT	1	local
resumable-migration.mjs	validateFigmaContext	resumable-migration.mjs	assertVisualCaptureBlock	2	local
resumable-migration.mjs	validateFigmaContext	resumable-migration.mjs	figmaMetadataAncestry	1	local
resumable-migration.mjs	validateFigmaContext	resumable-migration.mjs	figmaNodeKey	6	local
resumable-migration.mjs	validateFigmaContext	resumable-migration.mjs	fileExists	2	local
resumable-migration.mjs	validateFigmaContext	resumable-migration.mjs	fileIdentityMatches	1	local
resumable-migration.mjs	validateFigmaContext	resumable-migration.mjs	hardenedVisual	1	local
resumable-migration.mjs	validateFigmaContext	resumable-migration.mjs	isPlainObject	7	local
resumable-migration.mjs	validateFigmaContext	resumable-migration.mjs	isWithin	1	local
resumable-migration.mjs	validateFigmaContext	resumable-migration.mjs	recordRelative	1	local
resumable-migration.mjs	validateFigmaContext	resumable-migration.mjs	resolveFigmaFacts	1	local
resumable-migration.mjs	validateFigmaContext	resumable-migration.mjs	resolveStructuredFigmaFrame	1	local
resumable-migration.mjs	validateFigmaContext	resumable-migration.mjs	usesVisualAcceptance	1	local
resumable-migration.mjs	validateFigmaContext	visual-evidence.mjs	xmlAttribute	3	import
resumable-migration.mjs	validateGates	migration-utils.mjs	dirtyManifest	2	import
resumable-migration.mjs	validateGates	migration-utils.mjs	gitRevision	2	import
resumable-migration.mjs	validateGates	resumable-migration.mjs	FINAL_GATES	2	local
resumable-migration.mjs	validateGates	resumable-migration.mjs	PONYTAIL_GATE_EVIDENCE	1	local
resumable-migration.mjs	validateGates	resumable-migration.mjs	TARGET_DIRTY_SCOPE	1	local
resumable-migration.mjs	validateGates	resumable-migration.mjs	assertArray	2	local
resumable-migration.mjs	validateGates	resumable-migration.mjs	assertEvidenceEntry	2	local
resumable-migration.mjs	validateGates	resumable-migration.mjs	assertEvidenceReference	2	local
resumable-migration.mjs	validateGates	resumable-migration.mjs	assertPlainObject	1	local
resumable-migration.mjs	validateGates	resumable-migration.mjs	assertUniqueIds	1	local
resumable-migration.mjs	validateGates	resumable-migration.mjs	initialArtifacts	1	local
resumable-migration.mjs	validateGates	resumable-migration.mjs	isPlainObject	1	local
resumable-migration.mjs	validateGates	resumable-migration.mjs	pinnedInputTimestamps	1	local
resumable-migration.mjs	validateGates	resumable-migration.mjs	readJson	1	local
resumable-migration.mjs	validateImplementedSlice	migration-utils.mjs	commitsTouchingSince	1	import
resumable-migration.mjs	validateImplementedSlice	migration-utils.mjs	dirtyManifest	1	import
resumable-migration.mjs	validateImplementedSlice	migration-utils.mjs	fileAtRevision	1	import
resumable-migration.mjs	validateImplementedSlice	resumable-migration.mjs	anchoredReopenOwnership	1	local
resumable-migration.mjs	validateImplementedSlice	resumable-migration.mjs	assertArray	1	local
resumable-migration.mjs	validateImplementedSlice	resumable-migration.mjs	assertArtifactPrerequisites	1	local
resumable-migration.mjs	validateImplementedSlice	resumable-migration.mjs	assertCommandResults	1	local
resumable-migration.mjs	validateImplementedSlice	resumable-migration.mjs	assertCoversPlanned	1	local
resumable-migration.mjs	validateImplementedSlice	resumable-migration.mjs	assertNonEmpty	1	local
resumable-migration.mjs	validateImplementedSlice	resumable-migration.mjs	assertPlainObject	1	local
resumable-migration.mjs	validateImplementedSlice	resumable-migration.mjs	delegatedChangedFilesSatisfiedByChild	1	local
resumable-migration.mjs	validateImplementedSlice	resumable-migration.mjs	fileExists	1	local
resumable-migration.mjs	validateImplementedSlice	resumable-migration.mjs	isBrownfield	1	local
resumable-migration.mjs	validateImplementedSlice	resumable-migration.mjs	isWithin	2	local
resumable-migration.mjs	validateImplementedSlice	resumable-migration.mjs	readJson	1	local
resumable-migration.mjs	validateImplementedSlice	resumable-migration.mjs	readTargetBaseline	1	local
resumable-migration.mjs	validateImplementedSlice	resumable-migration.mjs	resolveEvidencePath	1	local
resumable-migration.mjs	validateImplementedSlice	resumable-migration.mjs	targetBaselineDrift	1	local
resumable-migration.mjs	validateImplementedSlice	resumable-migration.mjs	targetRelativePath	1	local
resumable-migration.mjs	validateImplementedSlice	resumable-migration.mjs	traceLists	2	local
resumable-migration.mjs	validateImplementedSlice	resumable-migration.mjs	usesArtifactDelegation	1	local
resumable-migration.mjs	validateImplementedSlice	resumable-migration.mjs	usesCapabilityOwnership	1	local
resumable-migration.mjs	validateImplementedSlice	resumable-migration.mjs	usesUiVerification	1	local
resumable-migration.mjs	validateImplementedSlice	resumable-migration.mjs	validatePlan	1	local
resumable-migration.mjs	validateLegacyInventory	resumable-migration.mjs	UI_CONDITIONAL_KINDS	1	local
resumable-migration.mjs	validateLegacyInventory	resumable-migration.mjs	UI_INTERACTIVE_KINDS	1	local
resumable-migration.mjs	validateLegacyInventory	resumable-migration.mjs	UI_KINDS	1	local
resumable-migration.mjs	validateLegacyInventory	resumable-migration.mjs	UI_REMEDIATION_FILE	1	local
resumable-migration.mjs	validateLegacyInventory	resumable-migration.mjs	UI_RUNTIME_STATES	1	local
resumable-migration.mjs	validateLegacyInventory	resumable-migration.mjs	assertArray	7	local
resumable-migration.mjs	validateLegacyInventory	resumable-migration.mjs	assertBoolean	2	local
resumable-migration.mjs	validateLegacyInventory	resumable-migration.mjs	assertEvidenceResolves	3	local
resumable-migration.mjs	validateLegacyInventory	resumable-migration.mjs	assertNonEmpty	10	local
resumable-migration.mjs	validateLegacyInventory	resumable-migration.mjs	assertOpenSpecIds	2	local
resumable-migration.mjs	validateLegacyInventory	resumable-migration.mjs	assertPlainObject	2	local
resumable-migration.mjs	validateLegacyInventory	resumable-migration.mjs	assertRequiredObservations	1	local
resumable-migration.mjs	validateLegacyInventory	resumable-migration.mjs	assertUniqueIds	4	local
resumable-migration.mjs	validateLegacyInventory	resumable-migration.mjs	initialArtifacts	1	local
resumable-migration.mjs	validateLegacyInventory	resumable-migration.mjs	readJson	1	local
resumable-migration.mjs	validateLegacyInventory	resumable-migration.mjs	readOptionalJson	1	local
resumable-migration.mjs	validateLegacyInventory	resumable-migration.mjs	usesRequiredObservations	1	local
resumable-migration.mjs	validateLegacyInventory	resumable-migration.mjs	usesUiVerification	2	local
resumable-migration.mjs	validateLegacyRuntimeContext	resumable-migration.mjs	LEGACY_AUTHORITY_ROLE	2	local
resumable-migration.mjs	validateLegacyRuntimeContext	resumable-migration.mjs	LEGACY_RUNTIME_CONTEXT_FILE	2	local
resumable-migration.mjs	validateLegacyRuntimeContext	resumable-migration.mjs	LEGACY_RUNTIME_EVIDENCE_ROOT	3	local
resumable-migration.mjs	validateLegacyRuntimeContext	resumable-migration.mjs	UI_PROOF_FORMAT	2	local
resumable-migration.mjs	validateLegacyRuntimeContext	resumable-migration.mjs	assertVisualCaptureBlock	1	local
resumable-migration.mjs	validateLegacyRuntimeContext	resumable-migration.mjs	fileExists	2	local
resumable-migration.mjs	validateLegacyRuntimeContext	resumable-migration.mjs	fileIdentityMatches	1	local
resumable-migration.mjs	validateLegacyRuntimeContext	resumable-migration.mjs	hardenedVisual	1	local
resumable-migration.mjs	validateLegacyRuntimeContext	resumable-migration.mjs	isPlainObject	10	local
resumable-migration.mjs	validateLegacyRuntimeContext	resumable-migration.mjs	isWithin	1	local
resumable-migration.mjs	validateLegacyRuntimeContext	resumable-migration.mjs	recordRelative	1	local
resumable-migration.mjs	validateLegacyRuntimeContext	visual-evidence.mjs	REQUIRED_FACT_KINDS	1	import
resumable-migration.mjs	validateLegacyRuntimeContext	visual-evidence.mjs	REQUIRED_FACT_NAMES	2	import
resumable-migration.mjs	validateLegacyRuntimeContext	visual-evidence.mjs	normalizeVisualValue	1	import
resumable-migration.mjs	validateOpenSpecAuthorityShape	migration-utils.mjs	isContentIdentity	1	import
resumable-migration.mjs	validateOpenSpecAuthorityShape	resumable-migration.mjs	assertArray	1	local
resumable-migration.mjs	validateOpenSpecAuthorityShape	resumable-migration.mjs	assertPlainObject	1	local
resumable-migration.mjs	validateOpenSpecAuthorityShape	resumable-migration.mjs	requirementsSourceFor	1	local
resumable-migration.mjs	validateOpenSpecProposal	migration-utils.mjs	contentIdentity	1	import
resumable-migration.mjs	validateOpenSpecProposal	resumable-migration.mjs	parseOpenSpec	1	local
resumable-migration.mjs	validateOpenSpecProposal	resumable-migration.mjs	requirementsSourceFor	1	local
resumable-migration.mjs	validatePlan	migration-utils.mjs	assertSafeName	1	import
resumable-migration.mjs	validatePlan	resumable-migration.mjs	TERMINAL_DESIGN_SYSTEM	1	local
resumable-migration.mjs	validatePlan	resumable-migration.mjs	TERMINAL_PARITY	1	local
resumable-migration.mjs	validatePlan	resumable-migration.mjs	assertArray	2	local
resumable-migration.mjs	validatePlan	resumable-migration.mjs	assertCapabilityPlan	1	local
resumable-migration.mjs	validatePlan	resumable-migration.mjs	assertPlainObject	1	local
resumable-migration.mjs	validatePlan	resumable-migration.mjs	assertUniqueIds	1	local
resumable-migration.mjs	validatePlan	resumable-migration.mjs	initialArtifacts	1	local
resumable-migration.mjs	validatePlan	resumable-migration.mjs	readJson	1	local
resumable-migration.mjs	validatePlan	resumable-migration.mjs	traceLists	1	local
resumable-migration.mjs	validatePlan	resumable-migration.mjs	uiBehaviorIsRequired	1	local
resumable-migration.mjs	validatePlan	resumable-migration.mjs	usesUiVerification	1	local
resumable-migration.mjs	validatePlan	resumable-migration.mjs	validateBaseline	1	local
resumable-migration.mjs	validateProtectedDecisionPolicy	resumable-migration.mjs	DECISION_PRINCIPALS	1	local
resumable-migration.mjs	validateProtectedDecisionPolicy	resumable-migration.mjs	DEFAULT_DECISION_POLICY_DIGEST	1	local
resumable-migration.mjs	validateProtectedDecisionPolicy	resumable-migration.mjs	JUDGMENT_KINDS	1	local
resumable-migration.mjs	validateProtectedDecisionPolicy	resumable-migration.mjs	LEGACY_DECISION_POLICY_DIGEST	1	local
resumable-migration.mjs	validateProtectedDecisionPolicy	resumable-migration.mjs	canonicalPolicy	2	local
resumable-migration.mjs	validateProtectedDecisionPolicy	resumable-migration.mjs	sha256Json	1	local
resumable-migration.mjs	validateResumableMigration	migration-utils.mjs	readRegistry	1	import
resumable-migration.mjs	validateResumableMigration	resumable-migration.mjs	assertBriefUnchanged	1	local
resumable-migration.mjs	validateResumableMigration	resumable-migration.mjs	assertCurrentOpenSpecAuthority	1	local
resumable-migration.mjs	validateResumableMigration	resumable-migration.mjs	assertDiscoveryCompletenessFormat	1	local
resumable-migration.mjs	validateResumableMigration	resumable-migration.mjs	readContext	1	local
resumable-migration.mjs	validateResumableMigration	resumable-migration.mjs	readState	1	local
resumable-migration.mjs	validateResumableMigration	resumable-migration.mjs	validateCompletedHashes	1	local
resumable-migration.mjs	validateResumableMigration	resumable-migration.mjs	validateStep	1	local
resumable-migration.mjs	validateStateShape	migration-utils.mjs	DESIGN_SOURCES	2	import
resumable-migration.mjs	validateStateShape	migration-utils.mjs	assertPonytailTarget	1	import
resumable-migration.mjs	validateStateShape	migration-utils.mjs	assertSafeName	4	import
resumable-migration.mjs	validateStateShape	migration-utils.mjs	isContentIdentity	1	import
resumable-migration.mjs	validateStateShape	resumable-migration.mjs	KNOWN_STATE_KEYS	1	local
resumable-migration.mjs	validateStateShape	resumable-migration.mjs	MAX_SLICE_REWORKS	2	local
resumable-migration.mjs	validateStateShape	resumable-migration.mjs	MULTI_SOURCE_FORMAT	1	local
resumable-migration.mjs	validateStateShape	resumable-migration.mjs	WORKFLOW_VERSION	2	local
resumable-migration.mjs	validateStateShape	resumable-migration.mjs	assertArray	7	local
resumable-migration.mjs	validateStateShape	resumable-migration.mjs	assertLegacyRevisionShape	1	local
resumable-migration.mjs	validateStateShape	resumable-migration.mjs	assertNonEmpty	4	local
resumable-migration.mjs	validateStateShape	resumable-migration.mjs	assertPlainObject	7	local
resumable-migration.mjs	validateStateShape	resumable-migration.mjs	compatibilityBlocker	1	local
resumable-migration.mjs	validateStateShape	resumable-migration.mjs	stepsFor	1	local
resumable-migration.mjs	validateStateShape	resumable-migration.mjs	usesDesignSource	1	local
resumable-migration.mjs	validateStateShape	resumable-migration.mjs	usesMultiSource	1	local
resumable-migration.mjs	validateStateShape	resumable-migration.mjs	validateOpenSpecAuthorityShape	1	local
resumable-migration.mjs	validateStateShape	resumable-migration.mjs	validateTargetAdoptionShape	1	local
resumable-migration.mjs	validateStateShape	toolkit-identity.mjs	validateToolkitIdentity	1	import
resumable-migration.mjs	validateStep	resumable-migration.mjs	MIGRATION_STEPS	1	local
resumable-migration.mjs	validateStep	resumable-migration.mjs	assertArtifactPrerequisites	1	local
resumable-migration.mjs	validateStep	resumable-migration.mjs	assertDiscoveryUnchanged	1	local
resumable-migration.mjs	validateStep	resumable-migration.mjs	assertGatesCoverSliceScenarios	1	local
resumable-migration.mjs	validateStep	resumable-migration.mjs	assertLegacyDiscoveryChecklist	1	local
resumable-migration.mjs	validateStep	resumable-migration.mjs	assertLegacyEvidenceWithinBoundary	1	local
resumable-migration.mjs	validateStep	resumable-migration.mjs	assertNoNavigationRepairNeeded	1	local
resumable-migration.mjs	validateStep	resumable-migration.mjs	assertNoUnclaimedTargetDrift	1	local
resumable-migration.mjs	validateStep	resumable-migration.mjs	assertNoUnresolvedVerification	1	local
resumable-migration.mjs	validateStep	resumable-migration.mjs	assertStepDocumentComplete	1	local
resumable-migration.mjs	validateStep	resumable-migration.mjs	assertTargetAssessmentChecklist	1	local
resumable-migration.mjs	validateStep	resumable-migration.mjs	readCanonicalModuleBoundary	1	local
resumable-migration.mjs	validateStep	resumable-migration.mjs	unlistedSliceFiles	1	local
resumable-migration.mjs	validateStep	resumable-migration.mjs	usesDiscoveryCompleteness	1	local
resumable-migration.mjs	validateStep	resumable-migration.mjs	validateBaseline	2	local
resumable-migration.mjs	validateStep	resumable-migration.mjs	validateDiscoveryCompleteness	1	local
resumable-migration.mjs	validateStep	resumable-migration.mjs	validateGates	1	local
resumable-migration.mjs	validateStep	resumable-migration.mjs	validateImplementedSlice	1	local
resumable-migration.mjs	validateStep	resumable-migration.mjs	validateLegacyInventory	2	local
resumable-migration.mjs	validateStep	resumable-migration.mjs	validatePlan	2	local
resumable-migration.mjs	validateStep	resumable-migration.mjs	validateTargetInventory	1	local
resumable-migration.mjs	validateStep	resumable-migration.mjs	visualAuthorityOf	1	local
resumable-migration.mjs	validateStep	resumable-migration.mjs	withUiProofReopenHint	2	local
resumable-migration.mjs	validateTargetAdoptionShape	migration-utils.mjs	isContentIdentity	1	import
resumable-migration.mjs	validateTargetAdoptionShape	resumable-migration.mjs	TARGET_ADOPTION_MODES	2	local
resumable-migration.mjs	validateTargetAdoptionShape	resumable-migration.mjs	TARGET_BASELINE_FILE	2	local
resumable-migration.mjs	validateTargetAdoptionShape	resumable-migration.mjs	assertPlainObject	2	local
resumable-migration.mjs	validateTargetBaselineShape	resumable-migration.mjs	assertArray	1	local
resumable-migration.mjs	validateTargetBaselineShape	resumable-migration.mjs	assertNonEmpty	1	local
resumable-migration.mjs	validateTargetBaselineShape	resumable-migration.mjs	assertPlainObject	2	local
resumable-migration.mjs	validateTargetInventory	resumable-migration.mjs	TARGET_STATES	1	local
resumable-migration.mjs	validateTargetInventory	resumable-migration.mjs	UI_MISMATCH_DISPOSITIONS	1	local
resumable-migration.mjs	validateTargetInventory	resumable-migration.mjs	UI_REMEDIATION_FILE	1	local
resumable-migration.mjs	validateTargetInventory	resumable-migration.mjs	assertAdoptedTargetEvidence	1	local
resumable-migration.mjs	validateTargetInventory	resumable-migration.mjs	assertArray	6	local
resumable-migration.mjs	validateTargetInventory	resumable-migration.mjs	assertBoolean	2	local
resumable-migration.mjs	validateTargetInventory	resumable-migration.mjs	assertEvidenceResolves	3	local
resumable-migration.mjs	validateTargetInventory	resumable-migration.mjs	assertNonEmpty	6	local
resumable-migration.mjs	validateTargetInventory	resumable-migration.mjs	assertPlainObject	1	local
resumable-migration.mjs	validateTargetInventory	resumable-migration.mjs	assertUniqueIds	4	local
resumable-migration.mjs	validateTargetInventory	resumable-migration.mjs	initialArtifacts	1	local
resumable-migration.mjs	validateTargetInventory	resumable-migration.mjs	isBrownfield	1	local
resumable-migration.mjs	validateTargetInventory	resumable-migration.mjs	readJson	1	local
resumable-migration.mjs	validateTargetInventory	resumable-migration.mjs	readOptionalJson	1	local
resumable-migration.mjs	validateTargetInventory	resumable-migration.mjs	usesUiVerification	4	local
resumable-migration.mjs	validateUiRuntimeEvidence	migration-utils.mjs	isContentIdentity	2	import
resumable-migration.mjs	validateUiRuntimeEvidence	resumable-migration.mjs	OBSERVATION_EXPECTED	1	local
resumable-migration.mjs	validateUiRuntimeEvidence	resumable-migration.mjs	REQUIRED_OBSERVATIONS_FORMAT	1	local
resumable-migration.mjs	validateUiRuntimeEvidence	resumable-migration.mjs	TARGET_VERIFICATION_ROLE	1	local
resumable-migration.mjs	validateUiRuntimeEvidence	resumable-migration.mjs	UI_PROOF_FORMAT	2	local
resumable-migration.mjs	validateUiRuntimeEvidence	resumable-migration.mjs	UI_RUNTIME_STATES	1	local
resumable-migration.mjs	validateUiRuntimeEvidence	resumable-migration.mjs	UI_VIEWPORT_STATES	1	local
resumable-migration.mjs	validateUiRuntimeEvidence	resumable-migration.mjs	assertArray	7	local
resumable-migration.mjs	validateUiRuntimeEvidence	resumable-migration.mjs	assertCaptureRole	1	local
resumable-migration.mjs	validateUiRuntimeEvidence	resumable-migration.mjs	assertEvidenceReference	2	local
resumable-migration.mjs	validateUiRuntimeEvidence	resumable-migration.mjs	assertIsoTimestamp	1	local
resumable-migration.mjs	validateUiRuntimeEvidence	resumable-migration.mjs	assertNoUiSecret	2	local
resumable-migration.mjs	validateUiRuntimeEvidence	resumable-migration.mjs	assertNonEmpty	16	local
resumable-migration.mjs	validateUiRuntimeEvidence	resumable-migration.mjs	assertPlainObject	11	local
resumable-migration.mjs	validateUiRuntimeEvidence	resumable-migration.mjs	assertTargetEvidencePath	2	local
resumable-migration.mjs	validateUiRuntimeEvidence	resumable-migration.mjs	assertVisualAcceptance	1	local
resumable-migration.mjs	validateUiRuntimeEvidence	resumable-migration.mjs	compareVisualEvidence	1	local
resumable-migration.mjs	validateUiRuntimeEvidence	resumable-migration.mjs	hashContent	1	local
resumable-migration.mjs	validateUiRuntimeEvidence	resumable-migration.mjs	implementationDigests	1	local
resumable-migration.mjs	validateUiRuntimeEvidence	resumable-migration.mjs	readJson	2	local
resumable-migration.mjs	validateUiRuntimeEvidence	resumable-migration.mjs	uiBehaviorIsRequired	1	local
resumable-migration.mjs	validateUiRuntimeEvidence	resumable-migration.mjs	usesRequiredObservations	4	local
resumable-migration.mjs	validateUiRuntimeEvidence	resumable-migration.mjs	usesUiVerification	1	local
resumable-migration.mjs	validateUiRuntimeEvidence	resumable-migration.mjs	visualAuthorityOf	4	local
resumable-migration.mjs	validateUiRuntimeEvidence	visual-evidence.mjs	HARDENED_VISUAL_VERSION	1	import
resumable-migration.mjs	validateVerifiedSlice	engine-paths.mjs	engineCommand	1	import
resumable-migration.mjs	validateVerifiedSlice	resumable-migration.mjs	TERMINAL_DESIGN_SYSTEM	1	local
resumable-migration.mjs	validateVerifiedSlice	resumable-migration.mjs	assertCommandResults	1	local
resumable-migration.mjs	validateVerifiedSlice	resumable-migration.mjs	assertCoversPlanned	1	local
resumable-migration.mjs	validateVerifiedSlice	resumable-migration.mjs	assertPlainObject	1	local
resumable-migration.mjs	validateVerifiedSlice	resumable-migration.mjs	assertPostAnchorEvidence	1	local
resumable-migration.mjs	validateVerifiedSlice	resumable-migration.mjs	readJson	1	local
resumable-migration.mjs	validateVerifiedSlice	resumable-migration.mjs	traceLists	2	local
resumable-migration.mjs	validateVerifiedSlice	resumable-migration.mjs	usesSliceRework	1	local
resumable-migration.mjs	validateVerifiedSlice	resumable-migration.mjs	usesVisualContract	1	local
resumable-migration.mjs	validateVerifiedSlice	resumable-migration.mjs	validateBaseline	1	local
resumable-migration.mjs	validateVerifiedSlice	resumable-migration.mjs	validateImplementedSlice	1	local
resumable-migration.mjs	validateVerifiedSlice	resumable-migration.mjs	validateUiRuntimeEvidence	1	local
resumable-migration.mjs	validateVerifiedSlice	resumable-migration.mjs	visualAuthorityOf	1	local
resumable-migration.mjs	validateVisualAcceptance	resumable-migration.mjs	LEGACY_RUNTIME_CONTEXT_FILE	2	local
resumable-migration.mjs	validateVisualAcceptance	resumable-migration.mjs	MAX_TOLERANCE_PX	1	local
resumable-migration.mjs	validateVisualAcceptance	resumable-migration.mjs	MAX_TOLERANCE_RATIO	1	local
resumable-migration.mjs	validateVisualAcceptance	resumable-migration.mjs	VISUAL_ACCEPTANCE_FILE	4	local
resumable-migration.mjs	validateVisualAcceptance	resumable-migration.mjs	assertArray	2	local
resumable-migration.mjs	validateVisualAcceptance	resumable-migration.mjs	assertNonEmpty	2	local
resumable-migration.mjs	validateVisualAcceptance	resumable-migration.mjs	assertPlainObject	6	local
resumable-migration.mjs	validateVisualAcceptance	resumable-migration.mjs	assertUniqueIds	1	local
resumable-migration.mjs	validateVisualAcceptance	resumable-migration.mjs	backedRowFor	1	local
resumable-migration.mjs	validateVisualAcceptance	resumable-migration.mjs	createNewFormatDecisionCandidate	1	local
resumable-migration.mjs	validateVisualAcceptance	resumable-migration.mjs	frameKeyOf	1	local
resumable-migration.mjs	validateVisualAcceptance	resumable-migration.mjs	hardenedVisual	1	local
resumable-migration.mjs	validateVisualAcceptance	resumable-migration.mjs	hashFile	1	local
resumable-migration.mjs	validateVisualAcceptance	resumable-migration.mjs	readJson	1	local
resumable-migration.mjs	validateVisualAcceptance	resumable-migration.mjs	readRecordedDecisions	1	local
resumable-migration.mjs	validateVisualAcceptance	resumable-migration.mjs	requireModuleDecision	1	local
resumable-migration.mjs	validateVisualAcceptance	resumable-migration.mjs	uiBehaviorIsRequired	1	local
resumable-migration.mjs	validateVisualAcceptance	resumable-migration.mjs	usesDirectLedgerDecisions	2	local
resumable-migration.mjs	validateVisualAcceptance	resumable-migration.mjs	visualAuthorityOf	1	local
resumable-migration.mjs	validateVisualAcceptance	resumable-migration.mjs	visualUnbackedCandidate	1	local
resumable-migration.mjs	validateVisualAcceptance	visual-evidence.mjs	FIXED_VISUAL_TOLERANCE	3	import
resumable-migration.mjs	validateVisualAcceptance	visual-evidence.mjs	HARDENED_VISUAL_VERSION	6	import
resumable-migration.mjs	validateVisualAcceptance	visual-evidence.mjs	REQUIRED_FACT_KINDS	3	import
resumable-migration.mjs	validateVisualAcceptance	visual-evidence.mjs	missingRequiredGroups	1	import
resumable-migration.mjs	validateVisualAcceptance	visual-evidence.mjs	normalizeVisualValue	1	import
resumable-migration.mjs	validateVisualAcceptance	visual-evidence.mjs	structuredCapabilityProfile	1	import
resumable-migration.mjs	validateVisualAcceptance	visual-evidence.mjs	validateStructuredContract	1	import
resumable-migration.mjs	verifiedReopenRecord	resumable-migration.mjs	REOPEN_ROOT	1	local
resumable-migration.mjs	verifiedReopenRecord	resumable-migration.mjs	assertPlainObject	2	local
resumable-migration.mjs	verifiedReopenRecord	resumable-migration.mjs	fileExists	2	local
resumable-migration.mjs	verifiedReopenRecord	resumable-migration.mjs	fileIdentityMatches	2	local
resumable-migration.mjs	verifyAttestedLine	resumable-migration.mjs	attestationVerifierScope	1	local
resumable-migration.mjs	verifyAttestedLine	resumable-migration.mjs	attestedLineProblem	1	local
resumable-migration.mjs	visualAuthorityOf	resumable-migration.mjs	VISUAL_AUTHORITIES	1	local
resumable-migration.mjs	visualAuthorityOf	resumable-migration.mjs	usesDesignSource	1	local
resumable-migration.mjs	visualContractAdoptionPlan	resumable-migration.mjs	ADOPTION_ROOT	2	local
resumable-migration.mjs	visualContractAdoptionPlan	resumable-migration.mjs	FIGMA_CONTEXT_ADOPTION_FILE	3	local
resumable-migration.mjs	visualContractAdoptionPlan	resumable-migration.mjs	VISUAL_ACCEPTANCE_FILE	2	local
resumable-migration.mjs	visualContractAdoptionPlan	resumable-migration.mjs	VISUAL_ACCEPTANCE_FORMAT	3	local
resumable-migration.mjs	visualContractAdoptionPlan	resumable-migration.mjs	fileExists	1	local
resumable-migration.mjs	visualContractAdoptionPlan	resumable-migration.mjs	hashContent	1	local
resumable-migration.mjs	visualContractAdoptionPlan	resumable-migration.mjs	hashFile	2	local
resumable-migration.mjs	visualContractAdoptionPlan	resumable-migration.mjs	usesDesignSource	1	local
resumable-migration.mjs	visualContractAdoptionPlan	resumable-migration.mjs	usesVisualAcceptance	1	local
resumable-migration.mjs	visualContractAdoptionPlan	resumable-migration.mjs	validateLegacyInventory	1	local
resumable-migration.mjs	visualContractAdoptionPlan	resumable-migration.mjs	validateTargetInventory	1	local
resumable-migration.mjs	visualContractAdoptionPlan	resumable-migration.mjs	validateVisualAcceptance	1	local
resumable-migration.mjs	visualContractDigest	resumable-migration.mjs	isPlainObject	1	local
resumable-migration.mjs	visualUnbackedCandidate	resumable-migration.mjs	VISUAL_UNBACKED_KIND	1	local
resumable-migration.mjs	visualUnbackedCandidate	resumable-migration.mjs	createDecisionCandidate	1	local
resumable-migration.mjs	visualUnbackedCandidate	resumable-migration.mjs	visualAuthorityOf	1	local
resumable-migration.mjs	visualUnbackedCandidate	resumable-migration.mjs	visualContractDigest	1	local
resumable-migration.mjs	withUiProofReopenHint	resumable-migration.mjs	UI_PROOF_FORMAT	1	local
resumable-migration.mjs	withUiProofReopenHint	resumable-migration.mjs	completedSlicesLackingUiProofV1	1	local
resumable-migration.mjs	withUiProofReopenHint	resumable-migration.mjs	sliceLacksUiProofV1	1	local
resumable-migration.mjs	withUiProofReopenHint	resumable-migration.mjs	validateVerifiedSlice	1	local
toolkit-identity.mjs	activeToolkitIdentity	engine-paths.mjs	engineSkillRoot	1	import
toolkit-identity.mjs	activeToolkitIdentity	toolkit-identity.mjs	BUILD_IDENTITY_FILE	3	local
toolkit-identity.mjs	activeToolkitIdentity	toolkit-identity.mjs	cached	6	local
toolkit-identity.mjs	activeToolkitIdentity	toolkit-identity.mjs	validateToolkitIdentity	1	local
toolkit-identity.mjs	autoAdoptableToolkitTransition	toolkit-identity.mjs	isNewerToolkitVersion	1	local
toolkit-identity.mjs	autoAdoptableToolkitTransition	toolkit-identity.mjs	sameToolkitIdentity	1	local
toolkit-identity.mjs	digestToolkitIdentity	toolkit-identity.mjs	toolkitIdentityKey	1	local
toolkit-identity.mjs	isNewerToolkitVersion	toolkit-identity.mjs	parseToolkitVersion	2	local
toolkit-identity.mjs	resetActiveToolkitIdentity	toolkit-identity.mjs	cached	1	local
toolkit-identity.mjs	sameToolkitIdentity	toolkit-identity.mjs	toolkitIdentityKey	2	local
toolkit-identity.mjs	toolkitIdentityBlocker	toolkit-identity.mjs	BUILD_IDENTITY_FILE	2	local
toolkit-identity.mjs	toolkitIdentityBlocker	toolkit-identity.mjs	renderToolkitIdentity	3	local
toolkit-identity.mjs	toolkitIdentityBlocker	toolkit-identity.mjs	sameToolkitIdentity	1	local
toolkit-identity.mjs	toolkitIdentityKey	toolkit-identity.mjs	TOOLKIT_IDENTITY_KEYS	1	local
toolkit-identity.mjs	toolkitIdentityStatus	toolkit-identity.mjs	sameToolkitIdentity	1	local
toolkit-identity.mjs	validateToolkitIdentity	toolkit-identity.mjs	COMMIT_SHA	1	local
toolkit-identity.mjs	validateToolkitIdentity	toolkit-identity.mjs	CONTENT_HASH	1	local
toolkit-identity.mjs	validateToolkitIdentity	toolkit-identity.mjs	SEMVER	1	local
toolkit-identity.mjs	validateToolkitIdentity	toolkit-identity.mjs	TOOLKIT_IDENTITY_KEYS	2	local
toolkit-identity.mjs	validateToolkitIdentity	toolkit-identity.mjs	TOOLKIT_NAME	2	local
upgrades/upgrade-migration.mjs	<module-init>	engine-paths.mjs	isMainModule	1	import
upgrades/upgrade-migration.mjs	<module-init>	upgrades/upgrade-migration.mjs	runUpgradeCli	1	local
upgrades/upgrade-migration.mjs	acquireLock	module-lock.mjs	acquireModuleLock	1	import
upgrades/upgrade-migration.mjs	classify	upgrades/upgrade-v4-to-v5.mjs	V5_CONTRACT_VERSION	1	import
upgrades/upgrade-migration.mjs	commitReplacement	upgrades/upgrade-migration.mjs	manifestOf	1	local
upgrades/upgrade-migration.mjs	commitReplacement	upgrades/upgrade-migration.mjs	readTree	1	local
upgrades/upgrade-migration.mjs	commitReplacement	upgrades/upgrade-migration.mjs	sameManifest	1	local
upgrades/upgrade-migration.mjs	commitReplacement	upgrades/upgrade-migration.mjs	writeJournal	1	local
upgrades/upgrade-migration.mjs	confirmationIdFor	upgrades/upgrade-migration.mjs	renderUpgradePreview	1	local
upgrades/upgrade-migration.mjs	executeRollback	resumable-migration.mjs	assertToolkitIdentityNotMismatched	1	import
upgrades/upgrade-migration.mjs	executeRollback	upgrades/upgrade-migration.mjs	acquireLock	1	local
upgrades/upgrade-migration.mjs	executeRollback	upgrades/upgrade-migration.mjs	commitReplacement	1	local
upgrades/upgrade-migration.mjs	executeRollback	upgrades/upgrade-migration.mjs	manifestOf	2	local
upgrades/upgrade-migration.mjs	executeRollback	upgrades/upgrade-migration.mjs	previewRollback	1	local
upgrades/upgrade-migration.mjs	executeRollback	upgrades/upgrade-migration.mjs	readTree	2	local
upgrades/upgrade-migration.mjs	executeRollback	upgrades/upgrade-migration.mjs	resolveContext	1	local
upgrades/upgrade-migration.mjs	executeRollback	upgrades/upgrade-migration.mjs	transactionRoot	1	local
upgrades/upgrade-migration.mjs	executeUpgrade	migration-utils.mjs	pendingTransactions	1	import
upgrades/upgrade-migration.mjs	executeUpgrade	resumable-migration.mjs	assertToolkitIdentityNotMismatched	1	import
upgrades/upgrade-migration.mjs	executeUpgrade	resumable-migration.mjs	reconcileSliceState	1	import
upgrades/upgrade-migration.mjs	executeUpgrade	upgrades/upgrade-migration.mjs	acquireLock	1	local
upgrades/upgrade-migration.mjs	executeUpgrade	upgrades/upgrade-migration.mjs	commitReplacement	1	local
upgrades/upgrade-migration.mjs	executeUpgrade	upgrades/upgrade-migration.mjs	manifestOf	3	local
upgrades/upgrade-migration.mjs	executeUpgrade	upgrades/upgrade-migration.mjs	previewUpgrade	1	local
upgrades/upgrade-migration.mjs	executeUpgrade	upgrades/upgrade-migration.mjs	readTree	2	local
upgrades/upgrade-migration.mjs	executeUpgrade	upgrades/upgrade-migration.mjs	resolveContext	1	local
upgrades/upgrade-migration.mjs	executeUpgrade	upgrades/upgrade-migration.mjs	sameManifest	2	local
upgrades/upgrade-migration.mjs	executeUpgrade	upgrades/upgrade-migration.mjs	transactionRoot	1	local
upgrades/upgrade-migration.mjs	executeUpgrade	upgrades/upgrade-migration.mjs	writeTree	1	local
upgrades/upgrade-migration.mjs	executeUpgrade	upgrades/upgrade-v4-to-v5.mjs	V5_CONTRACT_VERSION	1	import
upgrades/upgrade-migration.mjs	executeUpgrade	upgrades/upgrade-v4-to-v5.mjs	V5_FORMAT_VERSION	1	import
upgrades/upgrade-migration.mjs	executeUpgrade	upgrades/upgrade-v4-to-v5.mjs	upgradeV4ToV5	1	import
upgrades/upgrade-migration.mjs	lockPathFor	upgrades/upgrade-migration.mjs	moduleUpgradeRoot	1	local
upgrades/upgrade-migration.mjs	manifestOf	upgrades/upgrade-migration.mjs	sha256	1	local
upgrades/upgrade-migration.mjs	moduleUpgradeRoot	upgrades/upgrade-migration.mjs	upgradesRoot	1	local
upgrades/upgrade-migration.mjs	previewRollback	migration-utils.mjs	pendingTransactions	1	import
upgrades/upgrade-migration.mjs	previewRollback	upgrades/upgrade-migration.mjs	exists	1	local
upgrades/upgrade-migration.mjs	previewRollback	upgrades/upgrade-migration.mjs	manifestOf	2	local
upgrades/upgrade-migration.mjs	previewRollback	upgrades/upgrade-migration.mjs	readTree	2	local
upgrades/upgrade-migration.mjs	previewRollback	upgrades/upgrade-migration.mjs	renderRollbackPreview	1	local
upgrades/upgrade-migration.mjs	previewRollback	upgrades/upgrade-migration.mjs	resolveContext	1	local
upgrades/upgrade-migration.mjs	previewRollback	upgrades/upgrade-migration.mjs	restorableUpgrade	1	local
upgrades/upgrade-migration.mjs	previewRollback	upgrades/upgrade-migration.mjs	sameManifest	1	local
upgrades/upgrade-migration.mjs	previewUpgrade	migration-utils.mjs	gitRevision	1	import
upgrades/upgrade-migration.mjs	previewUpgrade	migration-utils.mjs	pendingTransactions	1	import
upgrades/upgrade-migration.mjs	previewUpgrade	resumable-migration.mjs	loadOpenSpecAuthority	1	import
upgrades/upgrade-migration.mjs	previewUpgrade	resumable-migration.mjs	reconcileSliceState	1	import
upgrades/upgrade-migration.mjs	previewUpgrade	upgrades/upgrade-migration.mjs	assertNoSymlink	1	local
upgrades/upgrade-migration.mjs	previewUpgrade	upgrades/upgrade-migration.mjs	classify	1	local
upgrades/upgrade-migration.mjs	previewUpgrade	upgrades/upgrade-migration.mjs	confirmationIdFor	1	local
upgrades/upgrade-migration.mjs	previewUpgrade	upgrades/upgrade-migration.mjs	contractPath	1	local
upgrades/upgrade-migration.mjs	previewUpgrade	upgrades/upgrade-migration.mjs	exists	1	local
upgrades/upgrade-migration.mjs	previewUpgrade	upgrades/upgrade-migration.mjs	manifestOf	1	local
upgrades/upgrade-migration.mjs	previewUpgrade	upgrades/upgrade-migration.mjs	readTree	1	local
upgrades/upgrade-migration.mjs	previewUpgrade	upgrades/upgrade-migration.mjs	resolveContext	1	local
upgrades/upgrade-migration.mjs	previewUpgrade	upgrades/upgrade-migration.mjs	sha256	1	local
upgrades/upgrade-migration.mjs	previewUpgrade	upgrades/upgrade-v4-to-v5.mjs	V5_CONTRACT_VERSION	2	import
upgrades/upgrade-migration.mjs	previewUpgrade	upgrades/upgrade-v4-to-v5.mjs	V5_FORMAT_VERSION	1	import
upgrades/upgrade-migration.mjs	previewUpgrade	upgrades/upgrade-v4-to-v5.mjs	V5_WORKFLOW_VERSION	1	import
upgrades/upgrade-migration.mjs	previewUpgrade	upgrades/upgrade-v4-to-v5.mjs	upgradeV4ToV5	1	import
upgrades/upgrade-migration.mjs	recoverTransaction	upgrades/upgrade-migration.mjs	exists	3	local
upgrades/upgrade-migration.mjs	recoverTransaction	upgrades/upgrade-migration.mjs	manifestOf	2	local
upgrades/upgrade-migration.mjs	recoverTransaction	upgrades/upgrade-migration.mjs	readTree	2	local
upgrades/upgrade-migration.mjs	recoverTransaction	upgrades/upgrade-migration.mjs	sameManifest	3	local
upgrades/upgrade-migration.mjs	recoverTransaction	upgrades/upgrade-migration.mjs	writeJournal	1	local
upgrades/upgrade-migration.mjs	recoverUpgrade	migration-utils.mjs	pendingTransactions	1	import
upgrades/upgrade-migration.mjs	recoverUpgrade	upgrades/upgrade-migration.mjs	acquireLock	1	local
upgrades/upgrade-migration.mjs	recoverUpgrade	upgrades/upgrade-migration.mjs	recoverTransaction	1	local
upgrades/upgrade-migration.mjs	recoverUpgrade	upgrades/upgrade-migration.mjs	resolveContext	1	local
upgrades/upgrade-migration.mjs	resolveContext	migration-utils.mjs	assertSafeName	1	import
upgrades/upgrade-migration.mjs	resolveContext	migration-utils.mjs	readRegistry	1	import
upgrades/upgrade-migration.mjs	resolveContext	migration-utils.mjs	resolveModule	1	import
upgrades/upgrade-migration.mjs	resolveContext	resumable-migration.mjs	migrationRoot	2	import
upgrades/upgrade-migration.mjs	resolveContext	upgrades/upgrade-migration.mjs	exists	1	local
upgrades/upgrade-migration.mjs	restorableUpgrade	upgrades/upgrade-migration.mjs	exists	2	local
upgrades/upgrade-migration.mjs	restorableUpgrade	upgrades/upgrade-migration.mjs	manifestOf	1	local
upgrades/upgrade-migration.mjs	restorableUpgrade	upgrades/upgrade-migration.mjs	moduleUpgradeRoot	1	local
upgrades/upgrade-migration.mjs	restorableUpgrade	upgrades/upgrade-migration.mjs	readJournal	1	local
upgrades/upgrade-migration.mjs	restorableUpgrade	upgrades/upgrade-migration.mjs	readTree	1	local
upgrades/upgrade-migration.mjs	restorableUpgrade	upgrades/upgrade-migration.mjs	sameManifest	1	local
upgrades/upgrade-migration.mjs	runUpgradeCli	migration-utils.mjs	resolveRegistryPath	1	import
upgrades/upgrade-migration.mjs	runUpgradeCli	upgrades/upgrade-migration.mjs	executeRollback	1	local
upgrades/upgrade-migration.mjs	runUpgradeCli	upgrades/upgrade-migration.mjs	executeUpgrade	1	local
upgrades/upgrade-migration.mjs	runUpgradeCli	upgrades/upgrade-migration.mjs	parseUpgradeArguments	1	local
upgrades/upgrade-migration.mjs	runUpgradeCli	upgrades/upgrade-migration.mjs	previewRollback	1	local
upgrades/upgrade-migration.mjs	runUpgradeCli	upgrades/upgrade-migration.mjs	previewUpgrade	1	local
upgrades/upgrade-migration.mjs	runUpgradeCli	upgrades/upgrade-migration.mjs	recoverUpgrade	1	local
upgrades/upgrade-migration.mjs	runUpgradeCli	upgrades/upgrade-migration.mjs	renderRollbackPreview	1	local
upgrades/upgrade-migration.mjs	runUpgradeCli	upgrades/upgrade-migration.mjs	renderUpgradePreview	1	local
upgrades/upgrade-migration.mjs	transactionRoot	upgrades/upgrade-migration.mjs	moduleUpgradeRoot	1	local
upgrades/upgrade-migration.mjs	writeJournal	module-lock.mjs	writeJournalAtomic	1	import
upgrades/upgrade-v4-to-v5.mjs	block	upgrades/upgrade-v4-to-v5.mjs	Blocked	1	local
upgrades/upgrade-v4-to-v5.mjs	digestArtifactHashes	upgrades/upgrade-v4-to-v5.mjs	sha256	1	local
upgrades/upgrade-v4-to-v5.mjs	nextActionFor	upgrades/upgrade-v4-to-v5.mjs	STEP_FILES	1	local
upgrades/upgrade-v4-to-v5.mjs	parseJson	upgrades/upgrade-v4-to-v5.mjs	block	2	local
upgrades/upgrade-v4-to-v5.mjs	ponytailGapFor	upgrades/upgrade-v4-to-v5.mjs	GATES_FILE	2	local
upgrades/upgrade-v4-to-v5.mjs	ponytailGapFor	upgrades/upgrade-v4-to-v5.mjs	isPlainObject	1	local
upgrades/upgrade-v4-to-v5.mjs	ponytailGapFor	upgrades/upgrade-v4-to-v5.mjs	parseJson	1	local
upgrades/upgrade-v4-to-v5.mjs	splitTraceIds	upgrades/upgrade-v4-to-v5.mjs	block	4	local
upgrades/upgrade-v4-to-v5.mjs	traceOwners	upgrades/upgrade-v4-to-v5.mjs	TRACE_MATRICES	1	local
upgrades/upgrade-v4-to-v5.mjs	traceOwners	upgrades/upgrade-v4-to-v5.mjs	block	1	local
upgrades/upgrade-v4-to-v5.mjs	traceOwners	upgrades/upgrade-v4-to-v5.mjs	parseJson	1	local
upgrades/upgrade-v4-to-v5.mjs	upgradeV4ToV5	upgrades/upgrade-v4-to-v5.mjs	Blocked	1	local
upgrades/upgrade-v4-to-v5.mjs	upgradeV4ToV5	upgrades/upgrade-v4-to-v5.mjs	HISTORY_FILE	2	local
upgrades/upgrade-v4-to-v5.mjs	upgradeV4ToV5	upgrades/upgrade-v4-to-v5.mjs	IMMUTABLE_STEP_ARTIFACTS	2	local
upgrades/upgrade-v4-to-v5.mjs	upgradeV4ToV5	upgrades/upgrade-v4-to-v5.mjs	INTEGRITY_FILE	1	local
upgrades/upgrade-v4-to-v5.mjs	upgradeV4ToV5	upgrades/upgrade-v4-to-v5.mjs	SLICE_INDEX_FILE	5	local
upgrades/upgrade-v4-to-v5.mjs	upgradeV4ToV5	upgrades/upgrade-v4-to-v5.mjs	SOURCE_CONTRACT_VERSION	2	local
upgrades/upgrade-v4-to-v5.mjs	upgradeV4ToV5	upgrades/upgrade-v4-to-v5.mjs	SOURCE_FORMAT_VERSION	2	local
upgrades/upgrade-v4-to-v5.mjs	upgradeV4ToV5	upgrades/upgrade-v4-to-v5.mjs	STATE_FILE	2	local
upgrades/upgrade-v4-to-v5.mjs	upgradeV4ToV5	upgrades/upgrade-v4-to-v5.mjs	STEP_FILES	1	local
upgrades/upgrade-v4-to-v5.mjs	upgradeV4ToV5	upgrades/upgrade-v4-to-v5.mjs	V5_CONTRACT_VERSION	4	local
upgrades/upgrade-v4-to-v5.mjs	upgradeV4ToV5	upgrades/upgrade-v4-to-v5.mjs	V5_FORMAT_VERSION	4	local
upgrades/upgrade-v4-to-v5.mjs	upgradeV4ToV5	upgrades/upgrade-v4-to-v5.mjs	V5_STEPS	5	local
upgrades/upgrade-v4-to-v5.mjs	upgradeV4ToV5	upgrades/upgrade-v4-to-v5.mjs	V5_WORKFLOW_VERSION	4	local
upgrades/upgrade-v4-to-v5.mjs	upgradeV4ToV5	upgrades/upgrade-v4-to-v5.mjs	block	5	local
upgrades/upgrade-v4-to-v5.mjs	upgradeV4ToV5	upgrades/upgrade-v4-to-v5.mjs	digestArtifactHashes	1	local
upgrades/upgrade-v4-to-v5.mjs	upgradeV4ToV5	upgrades/upgrade-v4-to-v5.mjs	isPlainObject	1	local
upgrades/upgrade-v4-to-v5.mjs	upgradeV4ToV5	upgrades/upgrade-v4-to-v5.mjs	nextActionFor	1	local
upgrades/upgrade-v4-to-v5.mjs	upgradeV4ToV5	upgrades/upgrade-v4-to-v5.mjs	parseJson	2	local
upgrades/upgrade-v4-to-v5.mjs	upgradeV4ToV5	upgrades/upgrade-v4-to-v5.mjs	ponytailGapFor	1	local
upgrades/upgrade-v4-to-v5.mjs	upgradeV4ToV5	upgrades/upgrade-v4-to-v5.mjs	renderJson	4	local
upgrades/upgrade-v4-to-v5.mjs	upgradeV4ToV5	upgrades/upgrade-v4-to-v5.mjs	setMetadataLine	3	local
upgrades/upgrade-v4-to-v5.mjs	upgradeV4ToV5	upgrades/upgrade-v4-to-v5.mjs	sha256	4	local
upgrades/upgrade-v4-to-v5.mjs	upgradeV4ToV5	upgrades/upgrade-v4-to-v5.mjs	splitTraceIds	2	local
upgrades/upgrade-v4-to-v5.mjs	upgradeV4ToV5	upgrades/upgrade-v4-to-v5.mjs	traceOwners	1	local
upgrades/upgrade-v4-to-v5.mjs	upgradeV4ToV5	upgrades/upgrade-v4-to-v5.mjs	validateSource	1	local
upgrades/upgrade-v4-to-v5.mjs	upgradeV4ToV5	upgrades/upgrade-v4-to-v5.mjs	validateV5State	1	local
upgrades/upgrade-v4-to-v5.mjs	upgradeV4ToV5	upgrades/upgrade-v4-to-v5.mjs	withTraceFields	2	local
upgrades/upgrade-v4-to-v5.mjs	validateSource	migration-utils.mjs	contentIdentityMatches	1	import
upgrades/upgrade-v4-to-v5.mjs	validateSource	upgrades/upgrade-v4-to-v5.mjs	SOURCE_CONTRACT_VERSION	2	local
upgrades/upgrade-v4-to-v5.mjs	validateSource	upgrades/upgrade-v4-to-v5.mjs	SOURCE_FORMAT_VERSION	2	local
upgrades/upgrade-v4-to-v5.mjs	validateSource	upgrades/upgrade-v4-to-v5.mjs	STATE_FILE	1	local
upgrades/upgrade-v4-to-v5.mjs	validateSource	upgrades/upgrade-v4-to-v5.mjs	V5_CONTRACT_VERSION	1	local
upgrades/upgrade-v4-to-v5.mjs	validateSource	upgrades/upgrade-v4-to-v5.mjs	block	12	local
upgrades/upgrade-v4-to-v5.mjs	validateSource	upgrades/upgrade-v4-to-v5.mjs	isPlainObject	3	local
upgrades/upgrade-v4-to-v5.mjs	validateSource	upgrades/upgrade-v4-to-v5.mjs	parseJson	1	local
upgrades/upgrade-v4-to-v5.mjs	validateV5State	migration-utils.mjs	isContentIdentity	1	import
upgrades/upgrade-v4-to-v5.mjs	validateV5State	upgrades/upgrade-v4-to-v5.mjs	V5_CONTRACT_VERSION	2	local
upgrades/upgrade-v4-to-v5.mjs	validateV5State	upgrades/upgrade-v4-to-v5.mjs	V5_FORMAT_VERSION	2	local
upgrades/upgrade-v4-to-v5.mjs	validateV5State	upgrades/upgrade-v4-to-v5.mjs	V5_STEPS	1	local
upgrades/upgrade-v4-to-v5.mjs	validateV5State	upgrades/upgrade-v4-to-v5.mjs	V5_WORKFLOW_VERSION	2	local
upgrades/upgrade-v4-to-v5.mjs	validateV5State	upgrades/upgrade-v4-to-v5.mjs	block	14	local
upgrades/upgrade-v4-to-v5.mjs	validateV5State	upgrades/upgrade-v4-to-v5.mjs	isPlainObject	3	local
visual-evidence.mjs	METADATA_PROPERTIES	visual-evidence.mjs	GEOMETRY_FACTS	1	local
visual-evidence.mjs	REQUIRED_FACT_KINDS	visual-evidence.mjs	REQUIRED_FACTS	1	local
visual-evidence.mjs	REQUIRED_FACT_NAMES	visual-evidence.mjs	REQUIRED_FACT_KINDS	1	local
visual-evidence.mjs	assertProvenancePrecedence	visual-evidence.mjs	GEOMETRY_FACTS	1	local
visual-evidence.mjs	captureStructuredNode	visual-evidence.mjs	freezeEvidence	1	local
visual-evidence.mjs	captureStructuredNode	visual-evidence.mjs	readStructuredNode	1	local
visual-evidence.mjs	captureStructuredNode	visual-evidence.mjs	structuredDigest	1	local
visual-evidence.mjs	collapseWidths	visual-evidence.mjs	STROKE_SIDES	2	local
visual-evidence.mjs	compareStrokeFact	visual-evidence.mjs	VisualValueError	1	local
visual-evidence.mjs	compareStrokeFact	visual-evidence.mjs	flattenStroke	2	local
visual-evidence.mjs	compareStrokeFact	visual-evidence.mjs	normalizeVisualValue	2	local
visual-evidence.mjs	compareStructuredTarget	visual-evidence.mjs	compareStrokeFact	1	local
visual-evidence.mjs	decodePng	visual-evidence.mjs	require	1	local
visual-evidence.mjs	deriveStructuredAuthority	visual-evidence.mjs	STRUCTURAL_PROPERTIES	1	local
visual-evidence.mjs	deriveStructuredAuthority	visual-evidence.mjs	STRUCTURED_PROVENANCE_RANKS	1	local
visual-evidence.mjs	deriveStructuredAuthority	visual-evidence.mjs	captureStructuredNode	1	local
visual-evidence.mjs	deriveStructuredAuthority	visual-evidence.mjs	extractStructuredFacts	1	local
visual-evidence.mjs	deriveStructuredAuthority	visual-evidence.mjs	figmaFill	1	local
visual-evidence.mjs	deriveStructuredAuthority	visual-evidence.mjs	figmaShadows	1	local
visual-evidence.mjs	deriveStructuredAuthority	visual-evidence.mjs	figmaStroke	1	local
visual-evidence.mjs	deriveStructuredAuthority	visual-evidence.mjs	resolveVisualProvenance	1	local
visual-evidence.mjs	deriveStructuredAuthority	visual-evidence.mjs	structuredAssetIdentity	1	local
visual-evidence.mjs	deriveStructuredAuthority	visual-evidence.mjs	structuredDigest	1	local
visual-evidence.mjs	extractNodeLiterals	visual-evidence.mjs	LITERAL_PREFIXES	1	local
visual-evidence.mjs	extractNodeLiterals	visual-evidence.mjs	normalizeVisualValue	1	local
visual-evidence.mjs	extractNodeLiterals	visual-evidence.mjs	structuredDigest	1	local
visual-evidence.mjs	extractStructuredFacts	visual-evidence.mjs	figmaFill	1	local
visual-evidence.mjs	extractStructuredFacts	visual-evidence.mjs	figmaShadows	1	local
visual-evidence.mjs	extractStructuredFacts	visual-evidence.mjs	figmaStroke	1	local
visual-evidence.mjs	extractStructuredFacts	visual-evidence.mjs	normalizeVisualValue	1	local
visual-evidence.mjs	extractStructuredFacts	visual-evidence.mjs	paintColor	1	local
visual-evidence.mjs	extractStructuredFacts	visual-evidence.mjs	readStructuredNode	1	local
visual-evidence.mjs	figmaFill	visual-evidence.mjs	paintColor	1	local
visual-evidence.mjs	figmaShadows	visual-evidence.mjs	rgbaHex	1	local
visual-evidence.mjs	figmaShadows	visual-evidence.mjs	shadowRecord	1	local
visual-evidence.mjs	figmaStroke	visual-evidence.mjs	STROKE_SIDES	2	local
visual-evidence.mjs	figmaStroke	visual-evidence.mjs	collapseWidths	1	local
visual-evidence.mjs	figmaStroke	visual-evidence.mjs	paintColor	1	local
visual-evidence.mjs	figmaStroke	visual-evidence.mjs	strokeRecord	1	local
visual-evidence.mjs	isCitedLiteral	visual-evidence.mjs	LITERAL_PREFIXES	1	local
visual-evidence.mjs	isCitedLiteral	visual-evidence.mjs	VisualValueError	1	local
visual-evidence.mjs	isCitedLiteral	visual-evidence.mjs	normalizeVisualValue	2	local
visual-evidence.mjs	missingRequiredGroups	visual-evidence.mjs	REQUIRED_FACTS	1	local
visual-evidence.mjs	normalizeColor	visual-evidence.mjs	hex2	2	local
visual-evidence.mjs	normalizeColor	visual-evidence.mjs	refuse	1	local
visual-evidence.mjs	normalizeLength	visual-evidence.mjs	refuse	2	local
visual-evidence.mjs	normalizeVisualValue	visual-evidence.mjs	COLOR_FACTS	1	local
visual-evidence.mjs	normalizeVisualValue	visual-evidence.mjs	FONT_WEIGHTS	2	local
visual-evidence.mjs	normalizeVisualValue	visual-evidence.mjs	LENGTH_FACTS	1	local
visual-evidence.mjs	normalizeVisualValue	visual-evidence.mjs	normalizeColor	1	local
visual-evidence.mjs	normalizeVisualValue	visual-evidence.mjs	normalizeLength	1	local
visual-evidence.mjs	normalizeVisualValue	visual-evidence.mjs	parseBoxShadow	1	local
visual-evidence.mjs	normalizeVisualValue	visual-evidence.mjs	refuse	11	local
visual-evidence.mjs	normalizeVisualValue	visual-evidence.mjs	shadowComponentFrom	1	local
visual-evidence.mjs	normalizeVisualValue	visual-evidence.mjs	strokeFromComputedStyle	1	local
visual-evidence.mjs	normalizeVisualValue	visual-evidence.mjs	strokeRecordFrom	1	local
visual-evidence.mjs	paintColor	visual-evidence.mjs	rgbaHex	1	local
visual-evidence.mjs	parseBoxShadow	visual-evidence.mjs	refuse	1	local
visual-evidence.mjs	parseBoxShadow	visual-evidence.mjs	splitTopLevel	2	local
visual-evidence.mjs	perceptualDelta	visual-evidence.mjs	require	1	local
visual-evidence.mjs	perceptualDelta	visual-evidence.mjs	resampleTo	1	local
visual-evidence.mjs	readStructuredNode	visual-evidence.mjs	structuredDigest	1	local
visual-evidence.mjs	refuse	visual-evidence.mjs	VisualValueError	1	local
visual-evidence.mjs	resolveDesignContextFact	visual-evidence.mjs	dangling	1	local
visual-evidence.mjs	resolveDesignContextFact	visual-evidence.mjs	escapeRegExp	1	local
visual-evidence.mjs	resolveDesignContextFact	visual-evidence.mjs	normalizeVisualValue	1	local
visual-evidence.mjs	resolveMetadataAssets	visual-evidence.mjs	dangling	3	local
visual-evidence.mjs	resolveMetadataAssets	visual-evidence.mjs	escapeRegExp	1	local
visual-evidence.mjs	resolveMetadataAssets	visual-evidence.mjs	xmlAttribute	1	local
visual-evidence.mjs	resolveMetadataFact	visual-evidence.mjs	dangling	2	local
visual-evidence.mjs	resolveMetadataFact	visual-evidence.mjs	escapeRegExp	1	local
visual-evidence.mjs	resolveMetadataFact	visual-evidence.mjs	xmlAttribute	1	local
visual-evidence.mjs	resolveVariableDefsFact	visual-evidence.mjs	dangling	2	local
visual-evidence.mjs	resolveVisualProvenance	visual-evidence.mjs	METADATA_PROPERTIES	1	local
visual-evidence.mjs	resolveVisualProvenance	visual-evidence.mjs	STRUCTURED_PROVENANCE_RANKS	3	local
visual-evidence.mjs	resolveVisualProvenance	visual-evidence.mjs	isCitedLiteral	1	local
visual-evidence.mjs	resolveVisualProvenance	visual-evidence.mjs	normalizeVisualValue	2	local
visual-evidence.mjs	shadowComponentFrom	visual-evidence.mjs	SHADOW_FIELDS	1	local
visual-evidence.mjs	shadowComponentFrom	visual-evidence.mjs	normalizeColor	1	local
visual-evidence.mjs	shadowComponentFrom	visual-evidence.mjs	refuse	3	local
visual-evidence.mjs	shadowComponentFrom	visual-evidence.mjs	shadowRecord	1	local
visual-evidence.mjs	shadowComponentFrom	visual-evidence.mjs	strokeLength	1	local
visual-evidence.mjs	strokeFromComputedStyle	visual-evidence.mjs	STROKE_SIDES	1	local
visual-evidence.mjs	strokeFromComputedStyle	visual-evidence.mjs	collapseWidths	1	local
visual-evidence.mjs	strokeFromComputedStyle	visual-evidence.mjs	normalizeColor	2	local
visual-evidence.mjs	strokeFromComputedStyle	visual-evidence.mjs	refuse	6	local
visual-evidence.mjs	strokeFromComputedStyle	visual-evidence.mjs	strokeLength	3	local
visual-evidence.mjs	strokeFromComputedStyle	visual-evidence.mjs	strokeRecord	2	local
visual-evidence.mjs	strokeFromComputedStyle	visual-evidence.mjs	strokeStyle	2	local
visual-evidence.mjs	strokeLength	visual-evidence.mjs	normalizeLength	1	local
visual-evidence.mjs	strokeLength	visual-evidence.mjs	refuse	1	local
visual-evidence.mjs	strokeRecordFrom	visual-evidence.mjs	STROKE_FIELDS	1	local
visual-evidence.mjs	strokeRecordFrom	visual-evidence.mjs	STROKE_SIDES	1	local
visual-evidence.mjs	strokeRecordFrom	visual-evidence.mjs	normalizeColor	1	local
visual-evidence.mjs	strokeRecordFrom	visual-evidence.mjs	refuse	4	local
visual-evidence.mjs	strokeRecordFrom	visual-evidence.mjs	strokeLength	2	local
visual-evidence.mjs	strokeRecordFrom	visual-evidence.mjs	strokeRecord	1	local
visual-evidence.mjs	strokeRecordFrom	visual-evidence.mjs	strokeStyle	1	local
visual-evidence.mjs	strokeStyle	visual-evidence.mjs	refuse	1	local
visual-evidence.mjs	structuredAssetIdentity	visual-evidence.mjs	CONTAINER_TEXT_TYPES	1	local
visual-evidence.mjs	structuredAssetIdentity	visual-evidence.mjs	readStructuredNode	1	local
visual-evidence.mjs	structuredAssetIdentity	visual-evidence.mjs	structuredDigest	1	local
visual-evidence.mjs	structuredCapabilityProfile	visual-evidence.mjs	STRUCTURED_REQUIRED	1	local
visual-evidence.mjs	structuredDigest	visual-evidence.mjs	sha256	1	local
visual-evidence.mjs	structuredEvidenceDigest	visual-evidence.mjs	readStructuredNode	1	local
visual-evidence.mjs	structuredEvidenceDigest	visual-evidence.mjs	structuredDigest	2	local
visual-evidence.mjs	validateStructuredContract	visual-evidence.mjs	normalizeVisualValue	2	local
visual-evidence.mjs	variableValueSet	visual-evidence.mjs	COLOR_FACTS	2	local
visual-evidence.mjs	variableValueSet	visual-evidence.mjs	LENGTH_FACTS	1	local
visual-evidence.mjs	variableValueSet	visual-evidence.mjs	VisualValueError	1	local
visual-evidence.mjs	variableValueSet	visual-evidence.mjs	normalizeVisualValue	1	local
visual-evidence.mjs	xmlAttribute	visual-evidence.mjs	XML_ENTITIES	1	local
